1902	07	20	UY	AR	0	6	F		-21	1879	2021	−	−	4	1
1903	09	13	AR	UY	2	3	F		-16	2005	1895	0	+1	1	6
1905	08	15	AR	UY	0	0	LPT		-8	1997	1903	0	+1	1	5
1906	07	09	AR	ZA	0	1	F		-17	1980	1817	0	−	1	10
1906	08	15	UY	AR	0	2	LPT		-22	1851	2002	0	0	7	1
1906	10	21	AR	UY	2	1	NWT		6	2008	1845	0	−1	1	8
1907	08	15	AR	UY	2	1	LPT		5	2013	1840	0	0	1	8
1907	10	06	UY	AR	1	2	NWT		-12	1828	2025	0	0	8	1
1908	08	15	UY	AR	2	2	LPT		4	1832	2021	0	0	9	2
1908	09	13	AR	UY	2	1	NWT		5	2026	1827	0	0	2	9
1908	10	04	AR	UY	0	1	POA		-25	2001	1852	0	+2	2	7
1909	08	15	AR	UY	2	1	LPT		6	2007	1846	0	−2	2	9
1909	09	19	UY	AR	2	2	NWT		3	1849	2004	+2	0	7	2
1909	10	10	AR	UY	3	1	POA		8	2012	1841	0	−2	2	9
1910	05	27	AR	CL	3	1	F		0	2012	1400	0	−	2	21
1910	06	05	AR	CL	5	1	MR		1	2013	1394	0	0	2	22
1910	06	12	AR	UY	4	1	MR		12	2025	1834	0	0	2	9
1910	08	15	UY	AR	3	1	LPT		28	1862	1997	+1	−1	7	3
1910	09	11	CL	AR	0	3	F		-2	1392	1999	+1	0	21	3
1910	11	13	AR	UY	1	1	POA		-9	1990	1871	0	+1	3	6
1910	11	27	AR	UY	2	6	POA		-44	1946	1915	0	+1	3	5
1911	04	30	UY	AR	1	2	F		-12	1903	1958	0	+1	5	3
1911	08	15	AR	UY	0	2	LPT		-32	1926	1935	−2	+1	5	4
1911	09	17	UY	AR	2	3	NWT		-20	1915	1946	−1	+1	5	4
1911	10	08	UY	AR	1	1	POU		-3	1912	1949	0	0	5	4
1911	10	22	AR	UY	2	0	POA		14	1963	1898	+1	0	3	5
1911	10	29	UY	AR	3	0	POU		24	1922	1939	0	−1	5	4
1912	02	25	AR	UY	2	0	F		10	1949	1912	0	0	4	5
1912	08	15	UY	AR	2	0	LPT		18	1930	1931	0	−1	6	5
1912	08	25	UY	AR	3	0	POU		19	1949	1912	+2	−1	4	6
1912	09	22	AR	UY	0	1	POA		-18	1894	1967	0	0	6	4
1912	10	06	AR	UY	3	3	NWT		-1	1893	1968	0	0	6	4
1912	12	01	UY	AR	1	3	MTV		-33	1935	1926	−1	0	5	6
1913	04	27	AR	UY	0	0	F		-3	1923	1938	0	+1	6	4
1913	04	27	UY	AR	4	0	F		13	1951	1910	+1	0	4	6
1913	06	15	AR	UY	1	1	SZP		-3	1907	1954	0	0	6	4
1913	07	09	AR	UY	2	1	SZP		13	1920	1941	0	−1	6	5
1913	07	13	AR	UY	3	3	F		-2	1918	1943	0	+1	6	4
1913	07	13	UY	AR	5	4	F		7	1950	1911	+1	0	4	6
1913	08	15	AR	UY	4	0	LPT		23	1934	1927	+1	−2	5	6
1913	08	31	AR	UY	2	0	POA		16	1950	1911	+1	0	4	6
1913	09	21	CL	AR	0	2	F		-2	1390	1952	0	0	24	4
1913	09	28	AR	UY	4	0	CCP		17	1969	1894	0	0	4	6
1913	10	05	UY	AR	1	0	POU		14	1908	1955	0	0	6	4
1913	10	26	UY	AR	1	0	NWT		13	1921	1942	0	−1	6	5
1914	02	28	AR	UY	1	1	F		-3	1939	1924	0	0	5	6
1914	08	30	UY	AR	3	2	POU		11	1935	1928	+1	−1	5	6
1914	09	13	AR	UY	2	1	POA		11	1939	1924	+1	−1	5	6
1914	09	20	AR	BR	3	0	F		11	1950	1889	0	−	5	7
1914	09	27	AR	BR	0	1	ROC		-21	1929	1910	0	0	5	7
1914	11	15	UY	AR	3	2	F		7	1931	1922	+1	−1	5	6
1914	11	22	AR	UY	3	0	F		13	1935	1918	+1	−1	5	6
1915	03	28	AR	UY	0	0	F		-3	1932	1921	0	0	5	6
1915	07	18	UY	AR	2	3	POU		-19	1902	1951	−1	0	7	5
1915	08	15	AR	UY	2	1	LPT		9	1960	1893	+2	0	3	7
1915	09	12	UY	AR	2	0	NWT		20	1913	1940	+1	−2	6	5
1916	07	06	AR	CL	6	1	SA		2	1942	1384	0	0	4	25
1916	07	10	AR	BR	1	1	SA		-10	1932	1897	−1	0	5	7
1916	07	12	AR	CL	1	0	F		1	1933	1406	−1	0	6	25
1916	07	17	AR	UY	0	0	SA		-6	1927	1948	0	0	6	4
1916	08	15	AR	UY	3	1	NWT		17	1944	1916	+3	−1	3	6
1916	08	15	UY	AR	1	2	LPT		-18	1898	1962	−1	+3	6	3
1916	10	01	AR	UY	7	2	CCP		17	1979	1881	0	−4	3	10
1916	10	01	UY	AR	0	1	POU		-15	1866	1994	−4	0	10	3
1916	10	29	UY	AR	3	1	CCP		24	1890	1970	+4	0	6	3
1917	07	18	UY	AR	0	2	POU		-24	1866	1994	−3	0	9	3
1917	08	15	AR	UY	1	0	LPT		6	2000	1860	0	0	3	9
1917	09	02	UY	AR	1	0	NWT		17	1877	1983	+1	0	8	3
1917	10	03	AR	BR	4	2	SA	UY	27	2010	1861	0	−3	3	9
1917	10	06	AR	CL	1	0	SA	UY	1	2011	1401	0	0	3	26
1917	10	14	UY	AR	1	0	SA		25	1936	1986	0	0	6	3
1917	10	21	AR	CL	1	1	F		-10	1976	1403	0	0	3	26
1918	07	18	UY	AR	1	1	POU		-3	1940	1979	0	0	6	4
1918	07	28	UY	AR	3	1	POU		19	1959	1960	+1	0	5	4
1918	08	15	AR	UY	0	0	POA		-4	1956	1963	−1	+1	5	4
1918	08	25	AR	UY	2	1	POA		11	1967	1952	+1	−2	4	6
1918	09	20	UY	AR	1	1	LPT		-4	1948	1971	0	0	6	4
1918	09	29	AR	UY	2	0	NWT		15	1986	1933	0	0	4	6
1919	05	11	PY	AR	1	5	F		-14	1786	2000	−	0	11	4
1919	05	13	UY	AR	3	2	SA	BR	30	1963	1970	+1	0	5	4
1919	05	15	PY	AR	0	3	F		-13	1773	1983	−1	0	12	4
1919	05	18	BR	AR	3	1	SA		43	1879	1940	+1	−2	8	6
1919	05	21	PY	AR	1	2	F		-8	1765	1948	−1	0	13	6
1919	05	22	AR	CL	4	1	SA	BR	3	1951	1392	0	0	6	28
1919	05	24	PY	AR	1	2	F		-8	1757	1959	0	+1	13	5
1919	06	01	BR	AR	3	3	RCH		-2	1900	1961	0	0	7	4
1919	07	18	UY	AR	4	1	POU		20	1963	1941	+2	−2	4	6
1919	08	24	UY	AR	2	1	NWT		10	1973	1931	0	+1	4	5
1919	09	07	AR	UY	1	2	LPT		-17	1914	1990	−1	0	6	4
1919	10	19	AR	UY	6	1	POA		28	1942	1962	+1	−2	5	4
1919	12	07	UY	AR	4	2	CCP		15	1977	1927	+1	0	3	5
1920	07	18	UY	AR	2	0	POU		13	1990	1914	+1	0	2	5
1920	07	25	AR	UY	1	3	NWT		-24	1890	2014	−2	0	7	2
1920	08	08	AR	UY	1	0	POA		16	1906	1998	+1	0	6	2
1920	09	12	AR	UY	1	1	SA	CL	6	1912	1992	0	0	7	2
1920	09	20	CL	AR	1	1	SA		21	1409	1891	0	0	31	7
1920	09	25	AR	BR	2	0	SA	CL	35	1926	1829	+1	−1	6	11
1920	10	06	AR	BR	3	1	F		7	1933	1822	+1	0	5	11
1921	04	07	PY	AR	3	1	F		18	1775	1915	0	−2	14	7
1921	04	14	PY	AR	2	2	F		1	1776	1914	0	0	14	7
1921	09	25	CL	AR	1	4	F		-3	1404	1917	0	0	34	7
1921	10	02	AR	BR	1	0	SA		12	1929	1810	0	0	7	13
1921	10	02	CL	AR	1	1	F		8	1412	1921	0	0	34	7
1921	10	16	AR	PY	3	0	SA		17	1938	1755	+4	0	3	15
1921	10	30	AR	UY	1	0	SA		23	1961	1986	0	0	3	2
1922	01	21	AR	UY	3	1	F		12	1973	1978	0	0	3	2
1922	01	22	AR	UY	1	3	F		-19	1954	1997	0	0	3	2
1922	09	28	AR	CL	4	0	SA	BR	4	1958	1428	0	0	3	40
1922	10	08	UY	AR	1	0	SA	BR	22	2015	1936	0	0	2	3
1922	10	15	BR	AR	2	0	SA		40	1852	1896	+4	−4	10	7
1922	10	18	AR	PY	2	0	SA	BR	29	1925	1784	+2	0	5	14
1922	10	22	AR	CL	1	0	F		1	1926	1416	0	0	5	40
1922	10	22	BR	AR	2	1	ROC		14	1866	1912	+2	0	8	5
1922	11	12	UY	AR	1	0	LPT		8	1983	1904	0	−1	2	6
1922	11	19	AR	UY	4	4	F		-1	1903	1984	−1	0	7	2
1922	11	19	UY	AR	2	1	F		5	1989	1898	0	−1	2	7
1922	12	10	UY	AR	1	0	POU		7	1996	1891	0	−1	2	8
1922	12	17	AR	UY	2	2	NWT		0	1891	1996	0	0	8	2
1923	05	20	AR	PY	0	2	RCB		-36	1855	1787	−1	+1	10	14
1923	05	25	AR	PY	1	0	RCB		8	1863	1779	+1	−1	9	15
1923	06	24	AR	UY	0	0	LPT		1	1864	1995	0	0	9	2
1923	07	01	AR	UY	1	0	F		11	1875	1984	0	0	9	2
1923	07	15	AR	UY	2	2	FMC		0	1875	1984	0	0	9	2
1923	07	18	UY	AR	2	2	F		-5	1979	1880	0	0	2	9
1923	07	22	UY	AR	2	2	POU		-8	1971	1888	0	0	2	9
1923	08	25	UY	AR	1	1	F		-5	1966	1893	0	0	2	9
1923	09	30	UY	AR	0	2	POU		-33	1933	1926	−1	+4	3	5
1923	10	29	AR	PY	4	3	SA	UY	15	1941	1764	+1	0	3	15
1923	11	18	AR	BR	2	1	SA	UY	20	1961	1844	+2	0	2	10
1923	12	02	AR	BR	0	2	CYC		-35	1926	1885	−5	+1	7	9
1923	12	02	AR	CL	6	0	F		1	1927	1415	−5	0	7	42
1923	12	02	UY	AR	2	0	SA		24	1983	1903	+1	−5	2	7
1923	12	08	AR	UY	2	3	FMC		-16	1887	1999	−1	0	8	2
1923	12	09	AR	BR	2	0	ROC		16	1903	1869	+1	−1	7	10
1924	05	15	PY	AR	1	3	RCB		-20	1747	1923	−1	+2	16	4
1924	05	18	PY	AR	2	1	RCB		18	1765	1905	+1	−1	15	5
1924	05	25	AR	UY	4	0	NWT		28	1933	1971	+1	+1	4	1
1924	05	25	UY	AR	2	0	NWT		14	1985	1919	+1	+1	1	4
1924	08	10	AR	UY	0	0	FMC		2	1921	2063	0	0	3	1
1924	08	31	UY	AR	2	3	POU		-24	2039	1945	0	0	1	3
1924	09	21	UY	AR	1	1	F		-5	2034	1950	0	0	1	3
1924	10	02	AR	UY	2	1	F		10	1960	2024	0	0	3	1
1924	10	12	AR	PY	0	0	SA	UY	-13	1947	1778	0	+2	3	16
1924	10	25	AR	CL	2	0	SA	UY	3	1950	1409	0	0	3	44
1924	11	02	UY	AR	0	0	SA		-12	2024	1962	0	0	1	3
1924	11	16	UY	AR	1	0	LPR		8	2032	1954	0	0	1	3
1925	05	01	AR	UY	1	0	BAC		14	1968	2018	+1	0	3	1
1925	07	09	AR	PY	1	1	RCB		-10	1958	1787	−1	0	4	14
1925	07	12	AR	PY	1	1	RCB		-10	1948	1797	0	0	4	14
1925	11	29	AR	PY	2	0	SA		18	1966	1831	+1	0	3	11
1925	12	13	AR	BR	4	1	SA		25	1991	1883	+1	−1	2	7
1925	12	20	AR	PY	3	1	SA		10	2001	1754	0	−1	2	16
1925	12	25	AR	BR	2	2	SA		-12	1989	1923	0	0	2	6
1926	05	29	AR	PY	2	1	RCB		4	1993	1750	0	0	3	16
1926	06	03	AR	PY	2	1	RCB		4	1997	1746	0	0	3	16
1926	10	16	AR	BO	5	0	SA	CL	2	1999	1273	0	0	3	58
1926	10	20	AR	PY	8	0	SA	CL	22	2021	1724	+2	−2	1	18
1926	10	24	UY	AR	2	0	SA	CL	43	2015	1978	+3	−3	1	4
1926	10	31	CL	AR	1	1	SA		22	1442	1956	+1	0	45	4
1927	07	14	UY	AR	0	1	NWT		-22	2010	1978	0	0	1	4
1927	08	30	AR	UY	0	1	LPT		-18	1960	2028	0	0	4	1
1927	10	30	AR	BO	7	1	SA	PE	2	1962	1263	0	0	4	58
1927	11	20	AR	UY	3	2	SA	PE	31	1993	2010	+1	0	3	1
1927	11	27	PE	AR	1	5	SA		-14	1578	2007	−1	+1	31	2
1928	04	01	PT	AR	0	0	F		6	1690	2001	0	0	23	2
1928	05	29	AR	US	11	2	OG	NL	22	2023	1677	+1	−1	1	23
1928	06	02	AR	BE	6	3	OG	NL	13	2036	1672	0	−1	2	22
1928	06	06	AR	EG	6	0	OG	NL	21	2057	1730	0	−1	2	19
1928	06	10	AR	UY	1	1	OG	NL	2	2059	2075	0	0	2	1
1928	06	13	UY	AR	2	1	OG	NL	29	2104	2030	0	0	1	2
1928	08	30	AR	UY	1	0	NWT		12	2042	2058	0	0	2	1
1928	09	21	UY	AR	2	2	LPT		-5	2053	2047	0	0	1	2
1929	06	16	AR	UY	2	0	ACD		17	2064	2036	+1	−2	1	3
1929	06	16	UY	AR	1	1	UAC		-3	2033	2067	−2	+1	3	1
1929	09	20	UY	AR	2	1	NWT		12	2045	2055	+1	0	2	1
1929	09	28	AR	UY	0	0	LPT		-5	2050	2050	0	+1	1	1
1929	11	03	AR	PE	3	0	SA		3	2053	1575	0	−1	2	32
1929	11	10	AR	PY	4	1	SA		8	2061	1751	+1	0	1	15
1929	11	17	AR	UY	2	0	SA		20	2081	1960	0	0	1	3
1930	05	25	AR	UY	1	1	NWT		-8	2073	1968	0	0	1	5
1930	07	15	AR	FR	1	0	WC	UY	4	2077	1605	0	−1	1	30
1930	07	19	AR	MX	6	3	WC	UY	4	2081	1498	0	0	1	40
1930	07	22	AR	CL	3	1	WC	UY	7	2088	1645	0	−2	1	27
1930	07	26	AR	US	6	1	WC	UY	18	2106	1766	0	0	1	15
1930	07	30	UY	AR	4	2	WC		47	2034	2059	+2	0	2	1
1930	08	03	AR	YU	3	1	F		1	2060	1642	0	0	1	27
1931	04	19	PY	AR	0	1	F		-4	1733	2064	−1	0	17	1
1931	04	25	PY	AR	1	1	F		6	1739	2058	+1	0	16	1
1931	07	04	AR	PY	1	1	RCB		-13	2045	1752	0	0	1	16
1931	07	09	AR	PY	3	1	RCB		4	2049	1748	0	0	1	16
1932	05	15	AR	UY	2	0	F		9	2058	1999	0	−1	1	4
1932	05	18	UY	AR	1	0	F		9	2008	2049	+1	0	3	1
1933	01	21	UY	AR	2	1	F		9	1994	2040	0	0	4	1
1933	02	05	AR	UY	4	1	F		11	2051	1983	0	0	1	4
1933	12	14	UY	AR	0	1	F		-11	1972	2062	0	0	5	1
1934	05	27	SE	AR	3	2	WC	IT	52	1782	2010	+4	−1	14	2
1934	07	18	UY	AR	2	2	F		-2	1970	2012	0	0	5	2
1934	08	15	AR	UY	1	0	F		6	2018	1964	0	−1	2	6
1935	01	06	AR	CL	4	1	SA	PE	9	2027	1636	0	−1	3	28
1935	01	20	PE	AR	1	4	SA		-7	1485	2034	0	+1	50	2
1935	01	27	UY	AR	3	0	SA	PE	51	2026	1983	+1	−2	3	4
1935	07	18	UY	AR	1	1	HGC		-6	2020	1989	0	0	2	4
1935	08	15	AR	UY	3	0	JMC		21	2010	1999	+2	−2	2	4
1936	08	09	AR	UY	1	0	JMC		10	2020	1989	0	0	2	3
1936	09	20	UY	AR	2	1	HGC		12	2001	2008	0	0	3	2
1936	12	30	AR	CL	2	1	SA		3	2011	1599	0	0	2	35
1937	01	09	AR	PY	6	1	SA		15	2026	1794	0	0	2	14
1937	01	16	AR	PE	1	0	SA		2	2028	1542	0	−1	2	44
1937	01	23	AR	UY	2	3	SA		-42	1986	1890	0	+1	2	10
1937	01	30	AR	BR	1	0	SA		15	2001	1924	0	−2	2	7
1937	02	01	AR	BR	2	0	SA		20	2021	1904	0	−1	2	8
1937	10	10	UY	AR	0	3	NWT		-24	1866	2045	−2	0	11	2
1937	11	11	AR	UY	5	1	LPT		9	2054	1857	0	−1	2	12
1938	06	18	AR	UY	1	0	JMC		5	2059	1852	0	−1	2	10
1938	10	12	UY	AR	2	3	HGC		-11	1841	2070	0	0	11	2
1939	01	15	BR	AR	1	5	ROC		-25	1910	2095	−1	0	8	2
1939	01	22	BR	AR	2	2	ROC		4	1914	2091	+1	0	7	2
1939	08	14	PY	AR	0	1	RCB		-5	1687	2096	−2	0	23	2
1939	08	16	PY	AR	2	2	RCB		11	1698	2085	+3	0	20	2
1940	02	18	AR	PY	3	1	RCB		3	2088	1695	0	−1	1	23
1940	02	18	BR	AR	2	2	ROC		3	1917	2085	0	0	7	1
1940	02	25	AR	PY	4	0	RCB		3	2088	1692	0	0	1	23
1940	02	25	BR	AR	0	3	ROC		-21	1896	2109	0	0	7	1
1940	03	02	AR	CL	4	1	CPR		2	2111	1602	0	0	1	39
1940	03	05	AR	BR	6	1	ROC		8	2119	1888	0	0	1	7
1940	03	09	AR	CL	3	2	CPR		1	2120	1601	0	0	1	39
1940	03	10	AR	BR	2	3	ROC		-26	2094	1914	0	0	1	7
1940	03	17	AR	BR	5	1	ROC		9	2103	1905	0	0	1	7
1940	07	18	UY	AR	3	0	HGC		35	1912	2068	+3	−1	7	2
1940	08	15	AR	UY	5	0	JMC		11	2079	1901	+1	−1	1	8
1941	01	05	CL	AR	1	2	APR		-3	1596	2082	0	0	42	1
1941	01	09	CL	AR	2	5	APR		-5	1591	2087	−1	0	43	1
1941	01	19	PE	AR	1	1	SZP		9	1752	2078	0	0	17	1
1941	01	26	PE	AR	1	1	SZP		9	1761	2069	0	−1	17	2
1941	01	29	PE	AR	0	3	SZP		-12	1749	2081	0	+1	17	1
1941	02	12	AR	PE	2	1	SA	CL	6	2087	1714	0	−1	1	18
1941	02	16	AR	EC	6	1	SA	CL	1	2088	1271	0	0	1	81
1941	02	23	AR	UY	1	0	SA	CL	14	2102	1910	0	−1	1	7
1941	03	04	CL	AR	0	1	SA		-5	1604	2107	−1	0	41	1
1942	01	11	AR	PY	4	3	SA	UY	4	2111	1688	0	−2	1	24
1942	01	17	AR	BR	2	1	SA	UY	11	2122	1884	0	−1	1	9
1942	01	22	AR	EC	12	0	SA	UY	1	2123	1262	0	0	1	84
1942	01	25	AR	PE	3	1	SA	UY	6	2129	1682	0	−2	1	26
1942	01	31	AR	CL	0	0	SA	UY	-23	2106	1577	0	+3	1	44
1942	02	07	UY	AR	1	0	SA		27	1999	2079	+2	0	3	1
1942	05	25	AR	UY	4	1	NWT		14	2093	1985	+1	−2	1	5
1942	08	25	UY	AR	1	1	LPT		0	1985	2093	0	0	5	1
1943	01	06	AR	UY	1	0	F		5	2098	1980	0	0	1	5
1943	01	09	UY	AR	6	2	F		20	2000	2078	+2	−1	3	2
1943	03	28	AR	UY	3	3	JMC		-7	2071	2007	0	0	2	3
1943	04	04	UY	AR	0	1	HGC		-17	1990	2088	−2	+1	5	1
1943	07	10	PY	AR	2	5	RCB		-9	1713	2097	−1	0	19	1
1943	07	11	PY	AR	2	1	RCB		25	1738	2072	+1	−1	18	2
1944	01	05	UY	AR	1	3	F		-16	1974	2088	0	+1	5	1
1944	01	08	AR	UY	3	3	F		-5	2083	1979	−1	0	2	5
1944	01	29	AR	UY	6	2	F		9	2092	1970	0	0	2	5
1944	01	29	UY	AR	2	1	F		11	1981	2081	0	0	5	2
1945	01	06	AR	PY	5	2	RCB		4	2085	1734	+1	0	1	17
1945	01	09	AR	PY	5	3	RCB		3	2088	1731	0	0	1	17
1945	01	18	AR	BO	4	0	SA	CL	1	2089	1325	0	0	1	77
1945	01	31	AR	EC	4	2	SA	CL	1	2090	1235	0	0	1	89
1945	02	07	AR	CO	9	1	SA	CL	1	2091	1330	0	0	1	75
1945	02	11	CL	AR	1	1	SA		20	1636	2071	+3	−1	39	2
1945	02	15	AR	BR	3	1	SA	CL	26	2097	1937	+1	−1	1	6
1945	02	25	AR	UY	1	0	SA	CL	10	2107	1856	0	0	1	11
1945	07	07	PY	AR	5	1	RCB		47	1778	2060	+1	−1	15	2
1945	07	09	PY	AR	1	3	RCB		-12	1766	2072	0	0	15	2
1945	07	18	UY	AR	2	2	LPT		5	1861	2067	0	0	10	2
1945	08	15	AR	UY	6	2	NWT		8	2075	1853	0	−1	2	11
1945	12	16	BR	AR	3	4	ROC		-14	1939	2089	−1	+1	5	1
1945	12	20	BR	AR	6	2	ROC		32	1971	2057	+1	−1	4	2
1945	12	23	BR	AR	3	1	ROC		22	1993	2035	0	0	4	2
1945	12	29	UY	AR	1	1	F		2	1855	2033	0	0	11	2
1946	01	12	AR	PY	2	0	SA		8	2041	1758	0	0	2	16
1946	01	19	AR	BO	7	1	SA		1	2042	1306	0	0	2	76
1946	01	26	AR	CL	3	1	SA		5	2047	1675	0	−1	2	25
1946	02	02	AR	UY	3	1	SA		13	2060	1856	0	0	2	11
1946	02	10	AR	BR	2	0	SA		21	2081	1973	+1	0	1	4
1947	03	02	AR	UY	2	1	F		2	2083	1821	+1	0	1	11
1947	03	09	UY	AR	4	4	F		4	1825	2079	0	−1	11	2
1947	12	02	AR	PY	6	0	SA	EC	16	2095	1764	0	0	1	15
1947	12	04	AR	BO	7	0	SA	EC	1	2096	1287	0	0	1	85
1947	12	11	AR	PE	3	2	SA	EC	4	2100	1645	0	−1	1	34
1947	12	16	AR	CL	1	1	SA	EC	-21	2079	1700	0	+5	1	24
1947	12	18	AR	CO	6	0	SA	EC	3	2082	1458	0	0	1	59
1947	12	25	EC	AR	0	2	SA		-1	1223	2083	0	0	92	1
1947	12	28	AR	UY	3	1	SA	EC	14	2097	1820	0	−1	1	15
1948	05	18	UY	AR	0	1	F		-6	1842	2103	0	0	13	1
1948	05	25	AR	UY	0	2	F		-27	2076	1869	0	+3	1	9
1950	03	25	AR	PY	2	2	RCB		-11	2065	1881	0	0	1	10
1950	03	29	AR	PY	4	0	RCB		9	2074	1872	0	0	1	10
1951	05	09	EN	AR	2	1	F		10	1982	2064	0	0	5	1
1951	05	13	IE	AR	0	1	F		-2	1619	2066	0	0	35	1
1952	12	07	ES	AR	0	1	F		-7	1869	2073	−1	0	10	2
1952	12	14	PT	AR	1	3	F		-4	1656	2077	−1	0	29	2
1953	05	14	AR	EN	3	1	F		8	2085	1998	+1	0	1	3
1953	05	17	AR	EN	0	0	F		-5	2080	2003	−1	0	2	3
1953	07	05	AR	ES	1	0	F		3	2083	1870	0	0	2	10
1954	11	28	PT	AR	1	3	F		-4	1663	2087	0	0	26	2
1954	12	05	IT	AR	2	0	F		21	1850	2066	+1	0	10	2
1955	03	02	AR	PY	5	3	SA	CL	24	2090	1906	0	0	2	9
1955	03	09	AR	EC	4	0	SA	CL	1	2091	1268	0	0	2	111
1955	03	16	AR	PE	2	2	SA	CL	-20	2071	1733	0	+1	2	19
1955	03	27	AR	UY	6	1	SA	CL	35	2106	1929	0	−1	2	7
1955	03	30	CL	AR	0	1	SA		-9	1745	2115	−1	0	19	2
1956	01	22	AR	PE	2	1	SA	UY	6	2121	1770	0	0	2	16
1956	01	29	AR	CL	2	0	SA	UY	11	2132	1812	0	0	2	13
1956	02	01	AR	PY	1	0	SA	UY	6	2138	1794	0	0	2	14
1956	02	05	BR	AR	1	0	SA	UY	38	1972	2100	+2	0	4	2
1956	02	15	UY	AR	1	0	SA		30	1962	2070	+1	0	7	2
1956	02	28	AR	PE	0	0	PAC	MX	-19	2051	1743	0	+2	2	19
1956	03	06	AR	CR	4	3	PAC	MX	7	2058	1717	0	−2	2	24
1956	03	11	AR	CL	3	0	PAC	MX	17	2075	1789	0	−1	2	14
1956	03	13	MX	AR	0	0	PAC		20	1629	2055	+4	0	36	2
1956	03	18	AR	BR	2	2	PAC	MX	-2	2053	2034	0	0	2	3
1956	06	24	AR	IT	1	0	F		3	2056	1869	0	0	2	9
1956	07	01	UY	AR	1	2	ATL		-15	1935	2071	0	0	7	2
1956	07	08	AR	BR	0	0	ATL		-5	2066	2054	0	0	2	3
1956	08	15	PY	AR	0	1	RCB		-6	1726	2072	−1	0	21	2
1956	08	19	AR	CS	1	0	F		3	2075	1834	0	0	2	11
1956	10	10	UY	AR	1	2	F		-9	1928	2084	0	0	6	2
1956	11	14	AR	UY	2	2	F		-6	2078	1934	0	0	2	6
1956	12	05	BR	AR	1	2	RCO		-18	2025	2096	0	0	3	2
1957	03	13	AR	CO	8	2	SA	PE	1	2097	1304	0	0	2	102
1957	03	17	AR	EC	3	0	SA	PE	1	2098	1253	0	0	2	117
1957	03	20	AR	UY	4	0	SA	PE	21	2119	1866	0	−3	2	10
1957	03	28	AR	CL	6	2	SA	PE	9	2128	1715	0	−3	2	22
1957	04	03	AR	BR	3	0	SA	PE	31	2159	1989	+1	−1	1	4
1957	04	06	PE	AR	2	1	SA		44	1752	2115	+5	−1	18	2
1957	04	09	PE	AR	1	4	F		-6	1746	2121	0	0	18	2
1957	05	23	UY	AR	0	0	NWT		3	1956	2118	0	0	5	2
1957	06	05	AR	UY	1	1	LPT		-10	2108	1966	0	0	2	5
1957	07	07	BR	AR	1	2	ROC		-14	1977	2122	0	0	4	1
1957	07	10	BR	AR	2	0	ROC		25	2002	2097	0	−1	4	2
1957	10	06	BO	AR	2	0	WQ		56	1608	2041	+12	−1	45	2
1957	10	13	CL	AR	0	2	WQ		-11	1675	2052	−1	0	31	2
1957	10	20	AR	CL	4	0	WQ		5	2057	1670	0	−2	2	34
1957	10	27	AR	BO	4	0	WQ		3	2060	1605	0	−1	2	47
1958	04	06	UY	AR	1	0	F		11	1919	2049	0	0	6	2
1958	04	20	PY	AR	1	0	F		15	1750	2034	+3	−1	19	3
1958	04	26	AR	PY	2	0	F		3	2037	1747	0	−2	3	21
1958	04	30	AR	UY	2	0	F		7	2044	1912	+1	0	2	6
1958	06	08	WG	AR	3	1	WC	SE	60	1985	1984	+1	−3	4	5
1958	06	11	AR	EI	3	1	WC	SE	21	2005	1760	+1	−1	4	18
1958	06	15	CS	AR	6	1	WC	SE	83	1945	1922	+6	−2	5	6
1959	03	07	AR	CL	6	1	SA		12	1934	1658	+2	−2	4	38
1959	03	11	AR	BO	2	0	SA		5	1939	1584	0	−1	4	50
1959	03	18	AR	PE	3	1	SA		17	1956	1806	+1	−2	3	15
1959	03	22	AR	PY	3	1	SA		13	1969	1764	0	−1	3	18
1959	03	30	AR	UY	4	1	SA		23	1992	1865	+1	−2	2	11
1959	04	04	AR	BR	1	1	SA		5	1997	2151	0	0	2	1
1959	11	18	CL	AR	4	2	F		22	1734	1975	+4	−1	26	3
1959	12	09	AR	PY	4	2	SA	EC	20	1995	1777	+1	−1	2	16
1959	12	12	EC	AR	1	1	SA		24	1257	1971	+4	−1	116	3
1959	12	16	UY	AR	5	0	SA	EC	61	1951	1910	+5	−5	4	8
1959	12	22	AR	BR	4	1	SA	EC	65	1975	2025	+4	0	3	1
1960	03	08	CR	AR	0	0	PAC		8	1769	1967	+2	0	18	3
1960	03	10	AR	MX	3	2	PAC	CR	13	1980	1777	+1	−1	2	17
1960	03	13	AR	BR	2	1	PAC	CR	23	2003	1927	+1	−3	1	6
1960	03	15	CR	AR	0	2	PAC		-29	1791	2032	−1	0	16	1
1960	03	17	AR	MX	2	0	PAC	CR	14	2046	1758	0	−4	1	22
1960	03	20	BR	AR	1	0	PAC	CR	30	2012	2016	+1	0	2	1
1960	05	26	AR	BR	4	2	ROC		18	2034	2023	+1	−1	1	2
1960	05	29	AR	BR	1	4	ROC		-34	2000	2057	−1	+1	2	1
1960	07	09	AR	PY	1	0	ATL		3	2003	1711	0	0	2	28
1960	07	12	BR	AR	5	1	ATL		17	2067	1986	0	−1	1	3
1960	07	24	AR	ES	2	0	F		10	1996	1950	+1	−1	3	6
1960	08	17	AR	UY	4	0	ATL		17	2013	1940	+1	−1	2	6
1960	12	04	EC	AR	3	6	WQ		-2	1322	2015	0	0	106	2
1960	12	17	AR	EC	5	0	WQ		1	2016	1321	0	0	2	106
1961	05	17	PY	AR	0	0	F		6	1669	2010	0	0	34	3
1961	06	04	PT	AR	0	2	F		-7	1711	2017	0	0	24	3
1961	06	11	ES	AR	2	0	F		14	1950	2003	+1	0	7	3
1961	06	15	IT	AR	4	1	F		23	1804	1980	+1	0	16	3
1961	06	19	CS	AR	3	3	F		-2	1952	1982	0	0	6	3
1961	06	24	SU	AR	0	0	F		-3	1971	1985	0	0	4	3
1961	10	12	AR	PY	5	1	F		3	1988	1665	0	−1	3	36
1961	11	18	AR	SU	1	2	F		-13	1975	1990	−2	+2	4	2
1962	03	13	UY	AR	1	1	F		-1	1921	1976	−1	0	9	5
1962	03	28	AR	MX	1	0	F		4	1980	1804	0	0	5	15
1962	05	30	AR	BG	1	0	WC	CL	14	1994	1761	+1	−3	3	20
1962	06	02	EN	AR	3	1	WC	CL	58	1952	1936	+5	−3	6	7
1962	06	06	AR	HU	0	0	WC	CL	5	1941	1992	0	0	8	4
1962	08	15	AR	UY	3	1	LPT		12	1953	1858	0	0	5	14
1962	11	07	CL	AR	1	1	CDC		1	1834	1952	0	0	16	5
1962	11	21	AR	CL	1	0	CDC		7	1959	1827	0	0	5	16
1963	03	10	AR	CO	4	2	SA	BO	4	1963	1454	0	0	5	79
1963	03	13	PE	AR	2	1	SA	BO	42	1723	1921	+7	−2	23	7
1963	03	20	AR	EC	4	2	SA	BO	2	1923	1323	0	0	7	106
1963	03	24	AR	BR	3	0	SA	BO	66	1989	2053	+4	0	3	1
1963	03	28	BO	AR	3	2	SA		41	1666	1948	+9	−2	34	5
1963	03	31	AR	PY	1	1	SA	BO	-13	1935	1758	−2	0	7	22
1963	04	13	BR	AR	2	3	ROC		-21	1967	1956	−1	+3	3	4
1963	04	16	BR	AR	5	2	ROC		18	1985	1938	0	−3	3	7
1963	10	15	PY	AR	0	4	RCB		-22	1736	1960	−2	+2	24	3
1963	10	29	AR	PY	2	3	RCB		-26	1934	1762	−2	+3	5	22
1964	05	31	AR	PT	2	0	CON	BR	8	1942	1670	0	−1	5	34
1964	06	03	BR	AR	0	3	CON		-35	1934	1977	−2	+2	5	3
1964	06	06	AR	EN	1	0	CON	BR	13	1990	1910	+1	0	2	8
1964	09	24	AR	CL	5	0	CDC		10	2000	1805	0	−1	2	15
1964	10	14	CL	AR	1	1	CDC		4	1809	1996	+1	0	15	1
1964	11	25	PY	AR	3	0	RCB		36	1798	1960	+3	−2	19	3
1964	12	08	AR	PY	8	1	RCB		12	1972	1786	0	0	3	19
1965	06	03	FR	AR	0	0	F		4	1736	1968	0	0	26	2
1965	06	09	BR	AR	0	0	F		-2	1953	1970	−1	0	4	2
1965	07	14	AR	CL	1	0	CDC		6	1976	1824	0	−1	3	15
1965	07	21	CL	AR	1	1	CDC		2	1826	1974	0	0	15	3
1965	08	01	AR	PY	3	0	WQ		13	1987	1797	+1	−2	2	19
1965	08	08	PY	AR	0	0	WQ		5	1802	1982	+1	0	17	2
1965	08	17	AR	BO	4	1	WQ		7	1989	1685	0	−1	2	33
1965	08	29	BO	AR	1	2	WQ		-10	1696	1999	−3	+1	31	1
1965	12	01	AR	SU	1	1	F		-4	1995	1973	0	0	2	4
1966	06	11	AR	PL	1	1	F		-8	1987	1704	0	+1	3	29
1966	06	22	IT	AR	3	0	F		14	1969	1973	0	0	5	3
1966	07	13	AR	ES	2	1	WC	EN	23	1996	1872	+1	−1	4	10
1966	07	16	AR	WG	0	0	WC	EN	-2	1994	1980	+1	0	2	4
1966	07	19	AR	CH	2	0	WC	EN	10	2004	1617	0	−1	2	42
1966	07	23	EN	AR	1	0	WC		22	2026	1982	−1	−3	3	5
1967	01	18	AR	PY	4	1	SA	UY	18	2000	1733	+1	−3	3	27
1967	01	22	AR	BO	1	0	SA	UY	7	2007	1671	0	−2	3	36
1967	01	25	AR	VE	5	1	SA	UY	2	2009	1339	0	−1	3	104
1967	01	28	AR	CL	2	0	SA	UY	16	2025	1766	0	0	3	20
1967	02	02	UY	AR	1	0	SA		29	1896	1996	0	0	10	3
1967	08	15	CL	AR	1	0	F		14	1767	1982	+2	−3	20	6
1967	08	22	MX	AR	2	1	F		12	1833	1970	+1	0	14	6
1967	10	13	PY	AR	1	1	F		4	1718	1966	0	−1	28	7
1967	11	08	CL	AR	3	1	F		19	1778	1947	+1	0	20	7
1968	05	15	PY	AR	2	0	F		20	1738	1927	+3	−1	25	8
1968	06	05	AR	UY	2	0	LPT		14	1941	1882	+1	−1	7	10
1968	06	20	UY	AR	2	1	NWT		14	1868	1927	+2	0	11	8
1968	08	07	BR	AR	4	1	F		10	2007	1917	0	0	3	8
1968	08	11	BR	AR	3	2	F		5	2012	1912	0	0	3	8
1968	08	29	PE	AR	2	2	F		6	1592	1906	0	0	51	8
1968	09	01	PE	AR	1	1	F		5	1597	1901	+1	0	50	8
1968	11	27	AR	CL	4	0	CDC		12	1913	1760	0	−2	9	21
1968	12	04	CL	AR	2	1	CDC		17	1777	1896	+2	0	19	9
1968	12	17	AR	PL	1	0	F		3	1899	1712	0	0	9	28
1968	12	22	AR	YU	1	1	F		-5	1894	1826	−1	0	10	16
1969	03	19	AR	PY	1	1	F		-6	1888	1754	0	0	10	25
1969	04	09	PY	AR	0	0	F		1	1755	1887	0	0	25	10
1969	05	28	CL	AR	1	1	F		0	1791	1887	0	0	18	9
1969	06	11	AR	CL	2	1	F		5	1892	1798	0	−1	9	18
1969	07	27	BO	AR	3	1	WQ		46	1632	1846	+7	−2	45	11
1969	08	03	PE	AR	1	0	WQ		25	1691	1821	+4	−4	32	15
1969	08	24	AR	BO	1	0	WQ		6	1827	1621	+2	0	14	45
1969	08	31	AR	PE	2	2	WQ		-12	1815	1708	−2	0	16	30
1970	03	04	BR	AR	0	2	F		-26	2014	1841	0	+5	2	10
1970	03	08	BR	AR	2	1	F		3	2017	1838	0	0	2	10
1970	04	08	AR	UY	2	1	F		8	1846	1860	0	0	10	9
1970	04	15	UY	AR	2	1	F		7	1867	1839	0	0	9	10
1970	10	22	PY	AR	1	1	F		0	1740	1839	0	0	26	13
1971	01	08	AR	FR	3	4	F		-14	1825	1793	0	+1	13	18
1971	01	13	AR	FR	2	0	F		10	1835	1783	0	−1	13	19
1971	07	04	PY	AR	1	1	RCB		0	1740	1835	0	0	24	13
1971	07	09	AR	PY	1	0	RCB		7	1842	1733	0	−2	13	26
1971	07	14	AR	UY	1	0	F		7	1849	1838	+1	−1	12	13
1971	07	18	UY	AR	1	1	F		-3	1835	1852	0	0	13	12
1971	07	21	CL	AR	2	2	CDC		0	1754	1852	0	0	22	12
1971	07	28	AR	BR	1	1	ROC		8	1860	2148	0	0	12	1
1971	07	31	AR	BR	2	2	ROC		7	1867	2141	+1	0	11	1
1971	08	04	AR	CL	1	0	CDC		7	1874	1747	+1	0	10	22
1972	05	25	AR	PY	0	0	F		-6	1868	1756	−1	0	10	26
1972	05	31	CL	AR	3	4	CDC		-14	1727	1882	−1	+2	29	8
1972	06	22	AR	CO	4	1	BRI	BR	4	1886	1408	0	0	8	87
1972	06	25	AR	FR	0	0	BRI	BR	-6	1880	1785	−1	0	9	21
1972	06	29	PT	AR	3	1	BRI	BR	31	1897	1849	+6	−4	6	13
1972	07	02	AR	SU	1	0	BRI	BR	27	1876	1948	+3	−1	10	5
1972	07	06	AR	UY	1	0	BRI	BR	16	1892	1789	+3	−3	7	19
1972	07	09	YU	AR	4	2	BRI	BR	31	1910	1861	+4	−5	6	12
1972	09	27	AR	CL	2	0	CDC		9	1870	1710	0	−2	11	31
1972	10	11	ES	AR	1	0	HHC		11	1884	1859	0	−1	10	12
1972	10	25	PE	AR	0	2	RCC		-19	1686	1878	−2	+1	33	11
1973	02	06	MX	AR	2	0	F		14	1825	1864	+3	−1	17	12
1973	02	14	WG	AR	2	3	F		-18	2128	1882	−1	+1	2	11
1973	02	20	IL	AR	1	1	F		2	1705	1880	+1	0	29	11
1973	05	17	AR	UY	1	1	LPT		-8	1872	1797	−1	+1	12	21
1973	05	23	UY	AR	1	1	NWT		-1	1796	1873	−1	+1	22	11
1973	07	13	AR	CL	5	4	CDC		6	1879	1709	0	−1	11	31
1973	07	18	CL	AR	3	1	CDC		27	1736	1852	+3	−3	27	14
1973	07	27	AR	PE	3	1	RCC		8	1860	1681	0	0	14	33
1973	09	09	AR	BO	4	0	WQ		7	1867	1547	+1	0	13	59
1973	09	16	PY	AR	1	1	WQ		-1	1782	1868	0	0	22	13
1973	09	23	BO	AR	0	1	WQ		-9	1538	1877	−1	+2	60	11
1973	10	07	AR	PY	3	1	WQ		15	1892	1776	+3	−1	9	23
1974	04	22	AR	RO	2	1	F		5	1897	1788	0	0	10	20
1974	05	18	FR	AR	0	1	F		-10	1773	1907	−3	+2	25	8
1974	05	22	EN	AR	2	2	F		-4	1955	1911	−1	0	5	8
1974	05	26	NL	AR	4	1	F		17	1847	1894	+1	−1	16	9
1974	06	15	PL	AR	3	2	WC	WG	24	1983	1870	+1	−5	4	14
1974	06	19	AR	IT	1	1	WC	WG	12	1882	1999	+2	0	13	3
1974	06	23	AR	HT	4	1	WC	WG	16	1898	1572	+2	−3	11	53
1974	06	26	NL	AR	4	0	WC	WG	53	1974	1845	+4	−6	4	17
1974	06	30	BR	AR	2	1	WC	WG	10	2127	1835	0	0	1	17
1974	07	03	AR	DD	1	1	WC	WG	8	1843	1918	0	+1	17	7
1974	10	12	AR	ES	1	1	HHC		-2	1841	1900	0	+1	17	9
1974	11	06	CL	AR	0	2	CDC		-25	1751	1866	−3	+2	25	13
1974	11	20	AR	CL	1	1	CDC		-8	1858	1759	−2	+1	14	24
1975	06	27	BO	AR	1	2	SVC		-6	1523	1864	−2	0	63	13
1975	07	18	UY	AR	2	3	NWT		-14	1734	1878	−2	+1	27	12
1975	08	03	VE	AR	1	5	CA		-8	1358	1886	0	0	103	12
1975	08	06	BR	AR	2	1	CA		9	2048	1877	0	0	4	12
1975	08	10	AR	VE	11	0	CA		4	1881	1354	0	−1	12	104
1975	08	16	AR	BR	0	1	CA		-20	1861	2069	−1	+2	13	2
1975	08	21	AR	US	6	0	CDM	MX	5	1866	1419	0	0	13	88
1975	08	28	AR	CR	2	0	CDM	MX	8	1874	1604	0	−2	13	47
1975	08	31	MX	AR	1	1	CDM		1	1759	1873	0	0	24	13
1976	02	25	PY	AR	2	3	ATB		-11	1663	1884	−4	0	38	13
1976	02	27	AR	BR	1	2	ATR		-13	1871	2046	0	+2	13	2
1976	03	20	SU	AR	0	1	F		-13	1849	1884	0	0	14	13
1976	03	24	PL	AR	1	2	F		-16	2023	1900	0	+4	4	9
1976	03	27	HU	AR	2	0	F		14	1829	1886	0	−4	18	13
1976	04	08	AR	UY	4	1	ALP		8	1894	1683	+2	0	11	33
1976	04	28	AR	PY	2	2	ATB		-11	1883	1689	0	+1	12	33
1976	05	19	BR	AR	2	0	ATR		8	2046	1875	0	0	3	12
1976	06	09	UY	AR	0	3	ATN		-19	1652	1894	−4	0	39	12
1976	10	13	AR	CL	2	0	CDC		6	1900	1659	0	−1	11	37
1976	10	28	PE	AR	1	3	RCC		-21	1751	1921	−3	0	25	11
1976	11	10	AR	PE	1	0	RCC		5	1926	1746	+1	0	10	25
1976	11	28	AR	SU	0	0	F		-4	1922	1877	0	+1	10	12
1977	02	27	AR	HU	5	1	F		11	1933	1850	+1	−1	10	15
1977	03	22	AR	IR	1	1	FT	ES	-8	1925	1720	−1	+1	11	28
1977	05	29	AR	PL	3	1	F		11	1936	1927	+1	−2	8	9
1977	06	05	AR	WG	1	3	F		-11	1925	2137	−1	0	8	1
1977	06	12	AR	EN	1	1	F		-3	1922	1912	0	0	8	10
1977	06	18	AR	SQ	1	1	F		-1	1921	1981	0	0	8	4
1977	06	26	AR	FR	0	0	F		-5	1916	1831	−1	+1	9	17
1977	07	03	AR	YU	1	0	F		5	1921	1803	+1	0	8	20
1977	07	12	AR	DD	2	0	F		13	1934	1956	0	0	8	6
1977	08	24	AR	PY	2	1	BGD		4	1938	1692	+1	0	7	31
1977	08	31	PY	AR	2	0	BGD		31	1723	1907	+3	−3	28	10
1978	03	19	AR	PE	2	1	RCC		6	1913	1764	+1	0	11	23
1978	03	23	PE	AR	1	3	RCC		-19	1745	1932	−3	+3	26	8
1978	03	29	AR	BG	3	1	F		5	1937	1745	0	0	8	25
1978	04	05	AR	RO	2	0	F		7	1944	1839	+1	0	7	17
1978	04	25	UY	AR	2	0	F		22	1678	1922	+5	−4	34	11
1978	05	03	AR	UY	3	0	F		4	1926	1674	+1	−1	10	35
1978	06	02	AR	HU	2	1	WC		20	1946	1887	+2	0	8	12
1978	06	06	AR	FR	2	1	WC		16	1962	1849	+1	−1	6	16
1978	06	10	AR	IT	0	1	WC		-35	1927	2033	−3	0	9	4
1978	06	14	AR	PL	2	0	WC		38	1965	1936	+3	−3	6	9
1978	06	18	AR	BR	0	0	WC		3	1968	2092	0	0	6	1
1978	06	21	AR	PE	6	0	WC		27	1995	1809	0	−2	6	19
1978	06	25	AR	NL	3	1	WC		46	2041	2059	+3	0	3	2
1979	04	25	AR	BG	2	1	F		2	2043	1730	0	0	3	27
1979	05	22	AR	NL	0	0	FT	CH	-1	2042	2025	0	0	2	5
1979	05	26	IT	AR	2	2	F		-2	2009	2044	0	0	6	2
1979	05	29	IE	AR	0	0	F		6	1722	2038	+2	0	28	2
1979	06	02	SQ	AR	1	3	F		-11	1841	2049	−1	0	16	2
1979	07	18	BO	AR	2	1	CA		45	1597	2004	+7	−3	52	5
1979	08	02	BR	AR	2	1	CA		12	2112	1992	0	0	1	5
1979	08	08	AR	BO	3	0	CA		6	1998	1624	0	+1	5	43
1979	08	23	AR	BR	2	2	CA		1	1999	2113	0	0	5	1
1979	09	12	WG	AR	2	1	F		6	2042	1993	0	0	2	5
1979	09	16	YU	AR	4	2	F		17	1855	1976	+2	−1	15	6
1980	05	13	EN	AR	3	1	F		7	2076	1969	0	0	2	6
1980	05	16	IE	AR	0	1	F		-6	1725	1975	−1	0	27	6
1980	05	21	AT	AR	1	5	F		-22	1911	1997	−4	+1	11	5
1980	09	18	AR	CL	2	2	F		-8	1989	1706	0	0	4	31
1980	10	09	AR	BG	2	0	F		3	1992	1679	0	0	4	34
1980	10	12	AR	PL	2	1	F		6	1998	1929	0	0	4	10
1980	10	15	AR	CS	1	0	F		5	2003	1917	+1	0	3	13
1980	12	04	AR	SU	1	1	F		-4	1999	1958	−1	0	4	7
1980	12	16	AR	CH	5	0	F		2	2001	1586	0	0	4	48
1981	01	01	AR	WG	2	1	MND	UY	27	2028	2097	+1	0	3	1
1981	01	04	AR	BR	1	1	MND	UY	1	2029	2044	0	0	3	2
1981	10	28	AR	PL	1	2	F		-15	2014	1972	0	0	3	5
1981	11	11	AR	CS	1	1	F		-6	2008	1891	0	+1	3	12
1982	03	09	AR	CS	0	0	F		-5	2003	1904	−1	+1	4	12
1982	03	24	AR	WG	1	1	F		0	2003	2106	0	0	4	1
1982	04	14	AR	SU	1	1	F		-3	2000	2013	0	0	4	3
1982	05	05	AR	BG	2	1	F		2	2002	1735	0	0	4	29
1982	05	12	AR	RO	1	0	F		3	2005	1772	0	0	4	21
1982	06	13	BE	AR	1	0	WC	ES	38	1954	1967	+2	0	7	4
1982	06	18	AR	HU	4	1	WC	ES	33	2000	1802	+2	0	3	18
1982	06	23	AR	SV	2	0	WC	ES	7	2007	1557	0	0	4	57
1982	06	29	IT	AR	2	1	WC	ES	41	1911	1966	+6	−1	7	6
1982	07	02	BR	AR	3	1	WC	ES	24	2164	1942	0	0	1	6
1983	05	12	CL	AR	2	2	F		4	1705	1938	0	−1	33	9
1983	06	23	AR	CL	1	0	F		3	1941	1702	+1	−1	7	32
1983	07	14	PY	AR	1	0	BGD		22	1698	1919	+3	−2	34	9
1983	07	21	AR	PY	0	0	BGD		-11	1908	1709	−1	+1	10	33
1983	08	10	EC	AR	2	2	CA		18	1505	1890	+3	0	70	10
1983	08	24	AR	BR	1	0	CA		33	1923	2078	+1	0	9	1
1983	09	07	AR	EC	2	2	CA		-23	1900	1523	−1	+3	10	66
1983	09	14	BR	AR	0	0	CA		-17	2063	1917	0	+1	1	9
1984	01	14	IN	AR	0	1	NGC		-2	1254	1919	0	0	125	6
1984	01	17	AR	PL	1	1	NGC	IN	0	1919	1919	0	0	6	6
1984	01	20	CN	AR	1	0	NGC	IN	35	1598	1884	+11	−2	47	8
1984	06	17	BR	AR	0	0	F		-4	1939	1888	0	0	5	10
1984	07	18	UY	AR	1	0	F		8	1884	1880	+3	−2	10	12
1984	08	02	AR	UY	0	0	F		-3	1877	1887	0	0	12	10
1984	08	24	CO	AR	1	0	F		15	1606	1862	+4	−1	45	13
1984	09	01	CH	AR	0	2	F		-14	1722	1876	−2	0	32	13
1984	09	05	BE	AR	0	2	F		-19	1858	1895	−3	+5	15	8
1984	09	12	WG	AR	1	3	F		-22	1960	1917	0	+2	3	6
1984	09	18	MX	AR	1	1	F		2	1755	1915	0	0	29	6
1984	10	25	AR	MX	1	1	F		-6	1909	1778	−1	+1	7	24
1985	04	28	PY	AR	1	0	F		13	1724	1896	+1	0	30	6
1985	05	05	BR	AR	2	1	F		6	1944	1890	0	−1	5	7
1985	05	09	AR	PY	1	1	F		-6	1884	1730	−1	0	8	30
1985	05	14	AR	CL	2	0	F		8	1892	1786	+2	−2	6	26
1985	05	26	VE	AR	2	3	WQ		-4	1389	1896	0	0	91	6
1985	06	02	CO	AR	1	3	WQ		-20	1662	1916	−5	0	39	6
1985	06	09	AR	VE	3	0	WQ		2	1918	1377	+2	0	5	91
1985	06	16	AR	CO	1	0	WQ		5	1923	1664	0	−1	6	38
1985	06	23	PE	AR	1	0	WQ		27	1723	1896	0	−2	32	8
1985	06	30	AR	PE	2	2	WQ		-13	1883	1736	−1	+1	9	31
1985	11	14	AR	MX	1	1	F	US	-3	1880	1792	0	+2	8	24
1985	11	17	MX	AR	1	1	F		0	1792	1880	+1	0	23	9
1986	03	26	FR	AR	2	0	F		7	1991	1873	0	−2	1	13
1986	04	30	NO	AR	1	0	F		12	1717	1861	0	−1	31	13
1986	05	04	IL	AR	2	7	F		-13	1620	1874	−3	+1	45	12
1986	06	02	AR	KR	3	1	WC	MX	16	1890	1597	+3	−2	7	49
1986	06	05	AR	IT	1	1	WC	MX	-1	1889	1882	0	0	7	8
1986	06	10	AR	BG	2	0	WC	MX	37	1926	1792	+2	−10	6	27
1986	06	16	AR	UY	1	0	WC	MX	19	1945	1778	0	−1	6	23
1986	06	22	AR	EN	2	1	WC	MX	35	1980	1963	+3	−2	3	5
1986	06	25	AR	BE	2	0	WC	MX	32	2012	1842	+1	−3	2	14
1986	06	29	AR	WG	3	2	WC	MX	28	2040	1965	+2	−1	1	5
1987	06	10	IT	AR	3	1	F	CH	21	1911	2019	0	−1	10	2
1987	06	20	AR	PY	0	1	F		-17	2002	1824	0	+3	2	17
1987	06	27	AR	PE	1	1	CA		-22	1980	1667	−2	+3	4	38
1987	07	02	AR	EC	3	0	CA		3	1983	1521	0	0	4	68
1987	07	09	AR	UY	0	1	CA		-42	1941	1824	−3	+4	6	18
1987	07	11	AR	CO	1	2	CA		-43	1898	1759	−4	+8	10	26
1987	12	16	AR	WG	1	0	F		9	1907	1968	0	0	9	3
1988	03	31	SU	AR	4	2	FT	WG	18	2002	1889	+1	−1	1	11
1988	04	02	WG	AR	1	0	FT		8	1970	1881	0	−1	3	12
1988	07	06	AR	SA	2	2	AGC	AU	-12	1869	1490	−2	+2	11	74
1988	07	10	AR	BR	0	0	AGC	AU	4	1873	1965	0	0	11	4
1988	07	14	AU	AR	4	1	AGC		33	1717	1840	+2	−4	33	15
1988	07	16	AR	SA	2	0	AGC	AU	4	1844	1437	+2	0	13	81
1988	10	12	ES	AR	1	1	HHC		-5	1866	1849	−1	+1	11	14
1989	03	09	CO	AR	1	0	F		8	1840	1841	+1	−1	15	14
1989	04	13	EC	AR	2	2	F		4	1587	1837	+1	−1	50	15
1989	04	20	CL	AR	1	1	F		-1	1766	1838	0	0	25	15
1989	07	02	AR	CL	1	0	CA	BR	21	1859	1755	+4	−2	14	26
1989	07	04	AR	EC	0	0	CA	BR	-15	1844	1631	−2	+1	16	44
1989	07	08	AR	UY	1	0	CA	BR	26	1870	1829	+3	−4	14	19
1989	07	10	AR	BO	0	0	CA	BR	-20	1850	1495	−1	+8	15	67
1989	07	12	BR	AR	2	0	CA		20	1951	1830	+1	−2	6	17
1989	07	14	UY	AR	2	0	CA	BR	33	1905	1797	+3	−4	10	21
1989	07	16	AR	PY	0	0	CA	BR	-2	1795	1771	0	0	21	24
1989	12	21	IT	AR	0	0	F		-7	1964	1802	0	0	4	19
1990	01	17	MX	AR	2	0	F	US	11	1915	1791	+1	0	10	19
1990	03	28	SQ	AR	1	0	F		8	1776	1783	0	0	23	20
1990	05	03	AT	AR	1	1	F		-2	1751	1785	0	0	27	20
1990	05	08	CH	AR	1	1	F		0	1683	1785	0	0	34	20
1990	05	22	IL	AR	1	2	F		-9	1624	1794	−4	+1	46	19
1990	06	08	CM	AR	1	0	WC	IT	43	1674	1751	+8	−7	35	26
1990	06	13	AR	SU	2	0	WC	IT	62	1813	1830	+8	−4	18	17
1990	06	18	AR	RO	1	1	WC	IT	7	1820	1888	0	−2	18	11
1990	06	24	AR	BR	1	0	WC	IT	47	1867	1989	+2	−2	16	3
1990	06	30	AR	YU	0	0	WC	IT	5	1872	1921	+2	0	14	7
1990	07	03	IT	AR	1	1	WC		-19	2013	1891	0	+4	2	10
1990	07	08	WG	AR	1	0	WC	IT	17	2076	1874	0	−4	1	14
1991	02	19	AR	HU	2	0	F		7	1881	1750	+1	−1	13	27
1991	03	13	AR	MX	0	0	F		-3	1878	1870	0	0	13	14
1991	03	27	AR	BR	3	3	F		-1	1877	1952	0	0	14	5
1991	05	19	US	AR	0	1	F		-6	1611	1883	0	0	48	13
1991	05	23	AR	SU	1	1	CLG	EN	1	1884	1900	0	0	13	9
1991	05	25	EN	AR	2	2	CLG		-8	1993	1892	0	+2	3	11
1991	06	27	BR	AR	1	1	F		-4	1953	1896	0	0	4	10
1991	07	08	AR	VE	3	0	CA	CL	4	1900	1364	0	0	10	99
1991	07	10	CL	AR	0	1	CA		-25	1778	1925	−4	+2	24	8
1991	07	12	AR	PY	4	1	CA	CL	26	1951	1747	+3	−5	5	30
1991	07	14	AR	PE	3	2	CA	CL	5	1956	1551	+1	−1	4	58
1991	07	17	AR	BR	3	2	CA	CL	22	1978	1888	0	−2	4	12
1991	07	19	CL	AR	0	0	CA		5	1806	1973	+1	0	20	4
1991	07	21	AR	CO	2	1	CA	CL	12	1985	1768	0	−1	4	25
1992	05	30	JP	AR	0	1	KRN		-2	1372	1987	0	0	104	3
1992	06	03	AR	WA	1	0	KRN	JP	7	1994	1770	0	−2	3	25
1992	06	18	AR	AU	2	0	F		3	1997	1707	−1	0	3	33
1992	09	23	UY	AR	0	0	LPT		1	1867	1996	0	0	13	4
1992	10	16	AR	CI	4	0	IC	SA	16	2012	1705	+1	−2	1	32
1992	10	20	SA	AR	1	3	IC		-13	1628	2025	−5	0	50	1
1992	11	26	AR	PL	2	0	F		4	2029	1795	0	−1	1	22
1993	02	18	AR	BR	1	1	ACT		-5	2024	2002	0	0	1	2
1993	02	24	AR	DK	1	1	AFT		-14	2010	1923	0	+1	1	8
1993	06	17	AR	BO	1	0	CA	EC	4	2014	1571	0	0	1	63
1993	06	20	AR	MX	1	1	CA	EC	-12	2002	1839	0	+3	2	17
1993	06	23	AR	CO	1	1	CA	EC	-13	1989	1813	0	+3	2	21
1993	06	27	AR	BR	1	1	CA	EC	-2	1987	1959	0	0	2	5
1993	07	01	AR	CO	0	0	CA	EC	-12	1975	1825	−1	+1	3	20
1993	07	04	AR	MX	2	1	CA	EC	19	1994	1868	+1	−4	2	14
1993	08	01	PE	AR	0	1	WQ		-6	1585	2000	−2	0	61	2
1993	08	08	PY	AR	1	3	WQ		-13	1668	2013	−2	0	34	2
1993	08	15	CO	AR	2	1	WQ		24	1872	1989	+3	0	14	2
1993	08	22	AR	PE	2	1	WQ		2	1991	1561	0	0	2	65
1993	08	29	AR	PY	0	0	WQ		-17	1974	1700	−1	+1	3	32
1993	09	05	AR	CO	0	5	WQ		-61	1913	1935	−6	+6	9	6
1993	10	31	AU	AR	1	1	WQ		5	1728	1908	0	0	28	9
1993	11	17	AR	AU	1	0	WQ		7	1915	1721	+1	−1	8	29
1993	12	15	AR	DE	2	1	F	US	13	1928	2009	0	0	8	1
1994	03	23	BR	AR	2	0	F		10	1961	1918	0	−1	4	8
1994	04	20	AR	MA	3	1	SLT		5	1923	1665	0	−1	8	38
1994	05	18	CL	AR	3	3	F		2	1770	1921	+1	0	25	8
1994	05	25	EC	AR	1	0	F		15	1649	1906	+4	−1	43	9
1994	05	31	IL	AR	0	3	F		-7	1571	1913	−1	0	63	9
1994	06	04	HR	AR	0	0	F		-1	1864	1914	0	0	16	9
1994	06	21	AR	GR	4	0	WC	US	24	1938	1665	+3	−4	5	38
1994	06	25	AR	NG	2	1	WC	US	18	1956	1775	+1	0	4	24
1994	06	30	BG	AR	2	0	WC	US	68	1830	1888	+4	−6	23	11
1994	07	03	RO	AR	3	2	WC	US	32	1894	1856	+6	−7	11	18
1994	11	16	CL	AR	0	3	F		-18	1740	1874	0	+3	28	14
1994	12	27	AR	YU	1	0	F		9	1883	1918	0	0	14	7
1995	01	08	AR	JP	5	1	IC	SA	14	1897	1565	+2	−2	13	64
1995	01	10	AR	NG	0	0	IC	SA	-7	1890	1809	−2	+1	15	23
1995	01	13	DK	AR	2	0	IC	SA	34	1955	1856	+1	−6	6	21
1995	02	14	AR	BG	4	1	F		13	1869	1846	+3	−2	18	21
1995	05	13	ZA	AR	1	1	NMC		5	1651	1864	+2	−1	38	19
1995	05	31	AR	PE	1	0	CDB		3	1867	1574	0	0	19	61
1995	06	14	AR	PY	2	1	F		3	1870	1692	+1	0	14	32
1995	06	30	AR	AU	2	0	BAP		8	1878	1705	+1	0	12	32
1995	07	08	AR	BO	2	1	CA	UY	12	1890	1657	+2	−2	10	36
1995	07	11	AR	CL	4	0	CA	UY	23	1913	1675	+3	−1	7	34
1995	07	14	US	AR	3	0	CA	UY	70	1747	1843	+3	−12	30	19
1995	07	17	AR	BR	2	2	CA	UY	17	1860	2103	+3	0	16	1
1995	09	20	ES	AR	2	1	F		4	1980	1856	0	0	4	16
1995	10	11	AR	CO	0	0	F		-2	1854	1877	0	+1	16	10
1995	11	08	AR	BR	0	1	CFA		-9	1845	2110	−2	0	18	1
1995	12	21	AR	VE	6	0	F		1	1846	1341	0	−1	17	118
1996	04	24	AR	BO	3	1	WQ		12	1858	1688	+2	−2	16	35
1996	06	02	EC	AR	2	0	WQ		36	1725	1822	+3	−2	31	19
1996	07	07	PE	AR	0	0	WQ		9	1564	1813	+2	−1	64	20
1996	09	01	AR	PY	1	1	WQ		-7	1806	1800	0	0	20	21
1996	10	09	VE	AR	2	5	WQ		-10	1383	1816	−4	0	113	20
1996	12	15	AR	CL	1	1	WQ		-10	1806	1742	−1	+1	21	29
1996	12	28	AR	YU	2	3	F		-10	1796	1932	0	+1	21	9
1997	01	12	UY	AR	0	0	WQ		-4	1769	1800	0	0	23	21
1997	02	12	CO	AR	0	1	WQ		-31	1886	1831	−2	+4	13	17
1997	04	02	BO	AR	2	1	WQ		23	1707	1808	+3	−4	33	22
1997	04	30	AR	EC	2	1	WQ		9	1817	1691	+4	0	18	36
1997	06	08	AR	PE	2	0	WQ		12	1829	1667	+1	−2	18	42
1997	06	11	AR	EC	0	0	CA	BO	-9	1820	1707	−1	+1	19	35
1997	06	14	AR	CL	2	0	CA	BO	27	1847	1692	+4	−10	15	38
1997	06	17	AR	PY	1	1	CA	BO	-2	1845	1824	0	+1	15	19
1997	06	21	PE	AR	2	1	CA	BO	36	1715	1809	+8	−6	32	21
1997	07	06	PY	AR	1	2	WQ		-26	1785	1835	−4	+5	23	15
1997	07	20	AR	VE	2	0	WQ		2	1837	1356	0	−1	15	119
1997	09	10	CL	AR	1	2	WQ		-19	1692	1856	−3	+1	37	15
1997	10	12	AR	UY	0	0	WQ		-13	1843	1693	−1	+1	17	40
1997	11	16	AR	CO	1	1	WQ		-9	1834	1788	0	+2	17	22
1998	02	24	AR	YU	3	1	F		17	1851	1963	0	−2	17	7
1998	03	10	AR	BG	2	0	F		10	1861	1812	+1	0	16	18
1998	04	15	IL	AR	2	1	F		13	1673	1848	+4	−1	43	17
1998	04	22	IE	AR	0	2	F		-13	1698	1861	−1	+1	38	16
1998	04	29	BR	AR	0	1	F		-18	2092	1879	0	+4	1	12
1998	05	14	AR	BA	5	0	F		5	1884	1623	0	0	12	53
1998	05	19	AR	CL	1	0	F		5	1889	1788	+2	−2	10	23
1998	05	25	AR	ZA	2	0	F		4	1893	1641	0	−2	11	49
1998	06	14	AR	JP	1	0	WC	FR	18	1911	1725	+1	−3	9	33
1998	06	21	AR	JM	5	0	WC	FR	19	1930	1607	0	−5	9	55
1998	06	26	AR	HR	1	0	WC	FR	28	1958	1881	+1	−2	9	14
1998	06	30	AR	EN	2	2	WC	FR	1	1959	1971	0	0	9	7
1998	07	04	NL	AR	2	1	WC	FR	27	2024	1932	+3	−1	3	10
1999	02	03	VE	AR	0	2	F		-2	1337	1934	0	0	120	10
1999	02	10	AR	MX	1	0	F	US	8	1942	1855	+1	0	9	15
1999	03	31	NL	AR	1	1	F		-4	1986	1946	0	+2	5	7
1999	06	09	AR	MX	2	2	RBK	US	-3	1943	1876	−2	0	8	16
1999	06	13	US	AR	1	0	F		13	1737	1930	+2	0	31	8
1999	06	26	AR	LT	0	0	F		-9	1921	1487	−1	+2	9	79
1999	07	01	AR	EC	3	1	CA	PY	19	1940	1718	+1	−4	8	34
1999	07	04	CO	AR	3	0	CA	PY	64	1830	1876	+4	−7	17	15
1999	07	07	AR	UY	2	0	CA	PY	26	1902	1742	+4	−7	12	29
1999	07	11	BR	AR	2	1	CA	PY	14	2083	1888	0	−2	1	14
1999	09	04	AR	BR	2	0	ZHC		30	1918	2087	+4	0	10	1
1999	09	07	BR	AR	4	2	ZHC		8	2095	1910	0	−1	1	11
1999	10	13	AR	CO	2	1	F		5	1915	1793	+3	−1	11	21
1999	11	17	ES	AR	0	2	F		-23	2007	1938	0	+3	3	6
2000	02	23	EN	AR	0	0	F		-2	1906	1940	0	0	12	6
2000	03	29	AR	CL	4	1	WQ		10	1950	1712	+2	−2	5	36
2000	04	26	VE	AR	0	4	WQ		-5	1391	1955	+1	+1	109	4
2000	06	04	AR	BO	1	0	WQ		3	1958	1637	0	0	5	51
2000	06	29	CO	AR	1	3	WQ		-22	1746	1980	−4	0	27	7
2000	07	19	AR	EC	2	0	WQ		6	1986	1680	+1	0	6	43
2000	07	26	BR	AR	3	1	WQ		17	2065	1969	0	−1	2	7
2000	08	16	AR	PY	1	1	WQ		-13	1956	1811	0	0	7	18
2000	09	03	PE	AR	1	2	WQ		-12	1706	1968	−5	0	38	7
2000	10	08	AR	UY	2	1	WQ		6	1974	1760	0	0	7	27
2000	11	15	CL	AR	0	2	WQ		-18	1713	1992	−3	+1	36	6
2000	12	20	AR	MX	2	0	RBK	US	13	2005	1824	+1	−3	5	17
2001	02	28	IT	AR	1	2	F		-13	2002	2018	−1	+2	5	3
2001	03	28	AR	VE	5	0	WQ		1	2019	1412	+1	+1	3	101
2001	04	25	BO	AR	3	3	WQ		15	1583	2004	+1	0	61	3
2001	06	03	AR	CO	3	0	WQ		10	2014	1784	0	−1	3	25
2001	08	15	EC	AR	0	2	WQ		-15	1702	2029	−4	0	38	3
2001	09	05	AR	BR	2	1	WQ		8	2037	1867	0	−2	2	12
2001	10	07	PY	AR	2	2	WQ		7	1810	2030	0	0	21	2
2001	11	08	AR	PE	2	0	WQ		3	2033	1635	0	0	2	51
2001	11	14	UY	AR	1	1	WQ		9	1763	2024	+3	0	26	2
2002	02	13	WA	AR	1	1	F		8	1560	2016	+1	−1	62	3
2002	03	27	AR	CM	2	2	F	CH	-5	2011	1808	0	+1	3	23
2002	04	17	DE	AR	0	1	F		-9	1875	2020	−3	0	11	3
2002	06	02	AR	NG	1	0	WC	JP	11	2031	1754	0	−4	2	30
2002	06	07	EN	AR	1	0	WC	JP	39	1958	1992	+1	−4	6	5
2002	06	12	AR	SE	1	1	WC	JP	-8	1984	1899	0	+1	3	11
2002	11	20	JP	AR	0	2	F		-12	1805	1996	−1	+1	20	3
2003	01	31	HN	AR	1	3	F		-10	1758	2006	−2	0	31	3
2003	02	04	AR	MX	1	0	F	US	5	2011	1829	0	−1	3	16
2003	02	08	US	AR	0	1	F		-8	1824	2019	−1	0	16	3
2003	02	12	NL	AR	1	0	F		6	2057	2013	+1	0	1	3
2003	04	30	LY	AR	1	3	F		-1	1352	2014	0	0	124	3
2003	06	08	JP	AR	1	4	KRN		-18	1781	2032	−1	0	21	3
2003	06	11	KR	AR	0	1	F		-5	1746	2037	−1	0	31	3
2003	07	16	AR	UY	2	2	F		-7	2030	1808	0	0	2	21
2003	08	20	AR	UY	3	2	F	IT	5	2035	1856	0	0	2	15
2003	09	06	AR	CL	2	2	WQ		-18	2017	1636	0	+2	2	52
2003	09	09	VE	AR	0	3	WQ		-10	1599	2027	−3	0	58	2
2003	11	15	AR	BO	3	0	WQ		3	2030	1601	0	−1	2	56
2003	11	19	CO	AR	1	1	WQ		12	1706	2018	0	0	38	2
2004	03	30	AR	EC	1	0	WQ		4	2022	1710	0	−1	2	36
2004	04	28	MA	AR	0	1	F		-4	1683	2026	+1	0	41	2
2004	06	02	BR	AR	3	1	WQ		24	2017	2002	+2	−2	2	4
2004	06	06	AR	PY	0	0	WQ		-15	1987	1784	0	0	4	26
2004	06	27	CO	AR	2	0	F	US	24	1785	1963	+1	−2	26	6
2004	06	30	AR	PE	2	1	F	US	4	1967	1690	0	0	6	38
2004	07	07	AR	EC	6	1	CA	PE	21	1988	1712	+2	−3	4	33
2004	07	10	MX	AR	1	0	CA	PE	35	1877	1953	+5	−2	11	6
2004	07	13	AR	UY	4	2	CA	PE	17	1970	1721	0	−1	6	32
2004	07	17	PE	AR	0	1	CA		-14	1689	1984	−2	+1	35	5
2004	07	20	AR	CO	3	0	CA	PE	26	2010	1813	+2	−4	3	21
2004	07	25	AR	BR	2	2	CA	PE	0	2010	2005	0	0	2	3
2004	08	18	JP	AR	1	2	F		-9	1852	2019	−1	+1	14	1
2004	09	04	PE	AR	1	3	WQ		-13	1676	2032	−4	0	39	1
2004	10	09	AR	UY	4	2	WQ		9	2041	1811	0	0	1	21
2004	10	13	CL	AR	0	0	WQ		14	1669	2027	+5	0	43	1
2004	11	17	AR	VE	3	2	WQ		2	2029	1639	0	−1	1	51
2005	02	09	DE	AR	2	2	F		1	1882	2028	0	0	12	1
2005	03	09	AR	MX	1	1	F	US	-4	2024	1900	0	0	1	9
2005	03	26	BO	AR	1	2	WQ		-5	1583	2029	−1	0	66	1
2005	03	30	AR	CO	1	0	WQ		5	2034	1789	0	0	1	24
2005	06	04	EC	AR	2	0	WQ		46	1774	1988	+4	−2	28	3
2005	06	08	AR	BR	3	1	WQ		21	2009	1963	+2	−1	1	5
2005	06	15	AR	TN	2	1	CC	DE	6	2015	1652	0	0	1	51
2005	06	18	AR	AU	4	2	CC	DE	16	2031	1779	0	−1	1	27
2005	06	21	DE	AR	2	2	CC		2	1912	2029	0	0	9	1
2005	06	26	AR	MX	1	1	CC	DE	-6	2023	1955	0	+1	1	6
2005	06	29	BR	AR	4	1	CC	DE	49	2034	1974	+4	−4	1	5
2005	08	17	HU	AR	1	2	F		-4	1613	1978	−2	+1	58	4
2005	09	03	PY	AR	1	0	WQ		27	1777	1951	+4	−2	26	6
2005	10	09	AR	PE	2	0	WQ		5	1956	1644	0	−1	5	53
2005	10	12	UY	AR	1	0	WQ		22	1841	1934	+3	−2	18	7
2005	11	12	EN	AR	3	2	F	CH	9	1963	1925	0	−1	5	8
2005	11	16	QA	AR	0	3	F		-5	1517	1930	−2	0	76	8
2006	03	01	HR	AR	3	2	F	CH	13	1847	1917	+2	0	15	8
2006	05	30	AR	AO	2	0	F	IT	4	1921	1573	0	+1	8	65
2006	06	10	AR	CI	2	1	WC	DE	17	1938	1749	0	−3	8	34
2006	06	16	AR	RM	6	0	WC	DE	37	1975	1748	+2	−7	6	32
2006	06	21	AR	NL	0	0	WC	DE	4	1979	2016	0	0	5	2
2006	06	24	AR	MX	2	1	WC	DE	19	1998	1821	+2	−2	4	17
2006	06	30	DE	AR	1	1	WC		-6	1964	2004	0	+1	8	4
2006	09	03	BR	AR	3	0	F	EN	15	2068	1989	0	−1	2	6
2006	10	11	ES	AR	2	1	F		10	1897	1979	+2	0	9	6
2007	02	07	FR	AR	0	1	F		-15	2045	1994	−1	+1	2	4
2007	04	18	AR	CL	0	0	F		-8	1986	1743	−2	+3	6	35
2007	06	02	CH	AR	1	1	F		2	1830	1984	0	0	17	6
2007	06	05	AR	DZ	4	3	F	ES	1	1985	1433	0	−1	6	97
2007	06	28	AR	US	4	1	CA	VE	26	2011	1812	+3	−2	3	18
2007	07	02	AR	CO	4	2	CA	VE	15	2026	1754	+1	−5	3	33
2007	07	05	AR	PY	1	0	CA	VE	14	2040	1840	+1	−1	2	16
2007	07	08	AR	PE	4	0	CA	VE	9	2049	1648	+1	−1	2	48
2007	07	11	AR	MX	3	0	CA	VE	29	2078	1895	+1	−3	1	11
2007	07	15	BR	AR	3	0	CA	VE	50	2079	2028	+3	−3	1	4
2007	08	22	NO	AR	2	1	F		15	1768	2013	+4	+1	28	3
2007	09	11	AU	AR	0	1	F		-5	1718	2018	−1	0	39	3
2007	10	13	AR	CL	2	0	WQ		7	2025	1747	+1	−3	3	33
2007	10	16	VE	AR	0	2	WQ		-11	1663	2036	−3	+1	45	2
2007	11	17	AR	BO	3	0	WQ		3	2039	1571	0	−2	2	67
2007	11	20	CO	AR	2	1	WQ		27	1838	2012	+3	−2	14	4
2008	02	06	AR	GT	5	0	F	US	2	2014	1503	0	+1	3	82
2008	03	26	EG	AR	0	2	F		-12	1820	2026	−1	0	17	3
2008	06	04	AR	MX	4	1	F	US	11	2037	1883	+1	0	2	11
2008	06	08	US	AR	0	0	F		4	1790	2033	+1	0	22	2
2008	06	15	AR	EC	1	1	WQ		-17	2016	1694	0	+3	3	41
2008	06	18	BR	AR	0	0	WQ		-6	2010	2022	−2	0	5	3
2008	08	20	BY	AR	0	0	F		8	1591	2014	+1	0	58	3
2008	09	06	AR	PY	1	1	WQ		-14	2000	1813	−2	+1	5	19
2008	09	10	PE	AR	1	1	WQ		13	1647	1987	+2	0	50	5
2008	10	11	AR	UY	2	1	WQ		8	1995	1833	0	−2	5	17
2008	10	15	CL	AR	1	0	WQ		27	1804	1968	+5	−2	19	7
2008	11	19	SQ	AR	0	1	F		-6	1720	1974	−3	+1	39	6
2009	02	11	FR	AR	0	2	F		-16	1876	1990	−2	+2	10	4
2009	03	28	AR	VE	4	0	WQ		6	1996	1655	−1	−1	5	48
2009	04	01	BO	AR	6	1	WQ		69	1654	1927	+10	−2	49	7
2009	05	20	AR	PA	3	1	F		2	1929	1583	0	−1	7	63
2009	06	06	AR	CO	1	0	WQ		6	1935	1724	0	−1	7	34
2009	06	10	EC	AR	2	0	WQ		40	1751	1895	+10	−1	30	8
2009	08	12	RU	AR	2	3	F		-13	1898	1908	−2	+1	9	7
2009	09	05	AR	BR	1	3	WQ		-20	1888	2143	−3	0	10	1
2009	09	09	PY	AR	1	0	WQ		20	1807	1868	+3	−1	19	11
2009	09	30	AR	GH	2	0	F		6	1874	1734	0	−2	11	37
2009	10	10	AR	PE	2	1	WQ		3	1877	1554	+1	−2	10	69
2009	10	14	UY	AR	0	1	WQ		-23	1806	1900	−1	+3	18	7
2009	11	14	ES	AR	2	1	F		3	2091	1897	0	−1	2	8
2010	01	26	AR	CR	3	2	F		3	1900	1699	0	0	7	41
2010	02	10	AR	JM	2	1	BAL		3	1903	1624	0	0	7	52
2010	03	03	DE	AR	0	1	F		-14	1947	1917	−1	0	6	7
2010	05	05	AR	HT	4	0	F		1	1918	1429	0	0	7	106
2010	05	24	AR	CA	5	0	F		3	1921	1596	0	0	7	57
2010	06	12	AR	NG	1	0	WC	ZA	14	1935	1699	0	+1	7	37
2010	06	17	AR	KR	4	1	WC	ZA	34	1969	1772	0	−6	6	24
2010	06	22	AR	GR	2	0	WC	ZA	18	1987	1706	0	−4	4	38
2010	06	27	AR	MX	3	1	WC	ZA	33	2020	1857	0	0	4	11
2010	07	03	DE	AR	4	0	WC	ZA	58	2068	1962	+1	−1	4	5
2010	08	11	IE	AR	0	1	F		-8	1766	1970	0	0	24	5
2010	09	07	AR	ES	4	1	F		22	1992	2137	0	0	5	1
2010	10	08	JP	AR	1	0	F		13	1783	1979	+5	0	19	5
2010	11	17	AR	BR	1	0	F	QA	14	1993	2095	0	−1	5	3
2011	02	09	AR	PT	2	1	F	CH	7	2000	1891	0	−1	5	9
2011	03	16	AR	VE	4	1	F		3	2003	1696	0	0	5	41
2011	03	26	US	AR	1	1	F		4	1772	1999	+1	0	23	5
2011	03	29	CR	AR	0	0	F		6	1670	1993	0	0	45	5
2011	04	20	AR	EC	2	2	F		-8	1985	1722	0	+2	5	35
2011	05	25	AR	PY	4	2	CHC		7	1992	1778	0	−2	5	22
2011	06	01	NG	AR	4	1	F		28	1688	1964	+7	0	40	5
2011	06	05	PL	AR	2	1	F		15	1690	1949	+3	0	42	5
2011	06	20	AR	AL	4	0	F		2	1951	1523	0	0	5	82
2011	07	01	AR	BO	1	1	CA		-22	1929	1588	0	+5	6	60
2011	07	06	AR	CO	0	0	CA		-15	1914	1799	−2	+2	8	19
2011	07	11	AR	CR	3	0	CA		11	1925	1662	+1	−1	6	48
2011	07	16	AR	UY	1	1	CA		-9	1916	1905	−1	+1	7	8
2011	09	02	AR	VE	1	0	TOI	IN	7	1923	1709	0	−2	7	38
2011	09	06	AR	NG	3	1	F	BD	6	1929	1675	0	−3	7	44
2011	09	14	AR	BR	0	0	NLC		0	1929	2036	0	0	7	4
2011	09	28	BR	AR	2	0	NLC		10	2046	1919	0	0	4	7
2011	10	07	AR	CL	4	1	WQ		22	1941	1867	+1	0	6	10
2011	10	11	VE	AR	1	0	WQ		28	1720	1913	+4	−1	36	7
2011	11	11	AR	BO	1	1	WQ		-18	1895	1541	−1	+4	8	74
2011	11	15	CO	AR	1	2	WQ		-20	1768	1915	−2	+1	25	7
2012	02	29	CH	AR	1	3	F		-13	1753	1928	−2	0	29	7
2012	06	02	AR	EC	4	0	WQ		15	1943	1769	0	−4	7	27
2012	06	09	AR	BR	4	3	F	US	13	1956	2044	+1	0	6	3
2012	08	15	DE	AR	1	3	F		-23	2038	1979	−1	+2	3	5
2012	09	07	AR	PY	3	1	WQ		8	1987	1751	0	+1	5	26
2012	09	11	PE	AR	1	1	WQ		9	1729	1978	0	+1	33	4
2012	09	19	BR	AR	2	1	NLC		8	2070	1970	0	−2	2	6
2012	10	12	AR	UY	3	0	WQ		21	1991	1897	+2	−2	4	10
2012	10	16	CL	AR	1	2	WQ		-17	1823	2008	0	0	17	4
2012	11	14	SA	AR	0	0	F		8	1485	2000	+2	0	90	4
2012	11	21	AR	BR	2	1	NLC		14	2014	2061	0	0	4	2
2013	02	06	SE	AR	2	3	F		-10	1896	2024	−1	0	10	4
2013	03	22	AR	VE	3	0	WQ		6	2030	1702	0	0	4	36
2013	03	26	BO	AR	1	1	WQ		14	1636	2016	+1	0	50	4
2013	06	07	AR	CO	0	0	WQ		-12	2004	1898	0	+2	4	9
2013	06	11	EC	AR	1	1	WQ		3	1856	2001	0	−1	14	5
2013	06	14	GT	AR	0	4	F		-3	1484	2004	0	0	89	5
2013	08	14	IT	AR	1	2	FCS		-16	1920	2020	0	+1	7	4
2013	09	10	PY	AR	2	5	WQ		-17	1712	2037	−5	0	35	4
2013	10	11	AR	PE	3	1	WQ		5	2042	1722	0	−1	4	31
2013	10	15	UY	AR	3	2	WQ		23	1919	2019	+1	0	7	4
2013	11	15	AR	EC	0	0	F	US	-5	2014	1840	−1	−1	5	19
2013	11	18	AR	BA	2	0	F	US	6	2020	1783	0	0	4	22
2014	03	05	RO	AR	0	0	F		5	1724	2015	+2	0	30	4
2014	06	04	AR	TT	3	0	F		1	2016	1503	0	−1	4	85
2014	06	07	AR	SI	2	0	F		2	2018	1641	0	−1	4	51
2014	06	15	AR	BA	2	1	WC	BR	12	2030	1773	0	−2	5	25
2014	06	21	AR	IR	1	0	WC	BR	8	2038	1708	0	−3	4	35
2014	06	25	AR	NG	3	2	WC	BR	10	2048	1750	0	−4	4	29
2014	07	01	AR	CH	1	0	WC	BR	15	2063	1845	0	−1	4	15
2014	07	05	AR	BE	1	0	WC	BR	19	2082	1911	0	−1	4	10
2014	07	09	AR	NL	0	0	WC	BR	1	2083	2094	0	0	3	2
2014	07	13	DE	AR	1	0	WC	BR	20	2223	2063	0	0	1	3
2014	09	03	DE	AR	2	4	F		-25	2198	2088	0	0	1	3
2014	10	11	BR	AR	2	0	NLC	CN	28	2024	2060	+1	0	4	3
2014	10	14	HK	AR	0	7	F		0	1168	2060	0	0	168	2
2014	11	12	AR	HR	2	1	F	EN	4	2064	1815	0	0	2	19
2014	11	18	PT	AR	1	0	F	EN	14	1910	2050	+2	0	10	2
2015	03	28	AR	SV	2	0	F	US	1	2051	1505	0	0	3	80
2015	03	31	AR	EC	2	1	F	US	5	2056	1833	0	−1	3	17
2015	06	06	AR	BO	5	0	FRC		3	2059	1624	0	0	3	53
2015	06	13	AR	PY	2	2	CA	CL	-20	2039	1700	0	+3	3	41
2015	06	16	AR	UY	1	0	CA	CL	17	2056	1901	0	−1	3	11
2015	06	20	AR	JM	1	0	CA	CL	2	2058	1518	0	0	2	77
2015	06	26	AR	CO	0	0	CA	CL	-4	2054	2003	0	0	2	5
2015	06	30	AR	PY	6	1	CA	CL	14	2068	1730	0	−6	2	36
2015	07	04	CL	AR	0	0	CA		-1	1975	2069	0	0	6	2
2015	09	04	AR	BO	7	0	F	US	3	2072	1635	0	+1	2	51
2015	09	08	AR	MX	2	2	F	US	-5	2067	1867	0	0	2	14
2015	10	08	AR	EC	0	2	WQ		-53	2014	1875	−1	+2	3	13
2015	10	13	PY	AR	0	0	WQ		10	1729	2004	+4	−1	34	4
2015	11	13	AR	BR	1	1	WQ		-5	1999	2029	−1	0	5	2
2015	11	17	CO	AR	0	1	WQ		-24	1954	2023	−1	+2	7	3
2016	03	24	CL	AR	1	2	WQ		-23	1952	2046	−3	+1	8	2
2016	03	29	AR	BO	2	0	WQ		3	2049	1612	0	0	2	54
2016	05	27	AR	HN	1	0	F		1	2050	1525	0	0	2	77
2016	06	06	AR	CL	2	1	CA	US	17	2067	1920	0	−3	1	12
2016	06	10	AR	PA	5	0	CA	US	11	2078	1685	0	−1	1	42
2016	06	14	AR	BO	3	0	CA	US	5	2083	1573	0	−2	1	64
2016	06	18	AR	VE	4	1	CA	US	8	2091	1685	0	0	1	42
2016	06	21	US	AR	0	4	CA		-24	1786	2115	−4	0	22	1
2016	06	26	AR	CL	0	0	CA	US	-6	2109	2040	0	0	1	3
2016	09	01	AR	UY	1	0	WQ		6	2115	1888	0	0	1	13
2016	09	06	VE	AR	2	2	WQ		15	1694	2100	0	0	44	1
2016	10	06	PE	AR	2	2	WQ		10	1824	2090	0	0	18	1
2016	10	11	AR	PY	0	1	WQ		-37	2053	1762	0	+8	1	28
2016	11	10	BR	AR	3	0	WQ		26	2066	2027	+1	−2	1	3
2016	11	15	AR	CO	3	0	WQ		18	2045	1929	+1	−1	2	8
2017	03	23	AR	CL	1	0	WQ		11	2056	1973	0	−1	2	6
2017	03	28	BO	AR	2	0	WQ		52	1680	2004	+13	−1	42	3
2017	06	09	AR	BR	1	0	F	AU	13	2017	2109	0	0	3	1
2017	06	13	SG	AR	0	6	F		0	1081	2017	0	0	180	3
2017	08	31	UY	AR	0	0	WQ		4	1846	2013	+2	0	16	3
2017	09	05	AR	VE	1	1	WQ		-17	1996	1715	0	+3	4	36
2017	10	05	AR	PE	0	0	WQ		-11	1985	1894	0	0	4	11
2017	10	10	EC	AR	1	3	WQ		-20	1746	2005	−2	0	31	4
2017	11	11	RU	AR	0	1	F		-5	1690	2010	0	0	44	4
2017	11	14	NG	AR	4	2	F	RU	26	1695	1984	+3	−2	44	6
2018	03	23	AR	IT	2	0	F	EN	12	1996	1893	+2	−1	4	11
2018	03	27	ES	AR	6	1	F		12	2047	1984	0	0	3	4
2018	05	29	AR	HT	4	0	F		1	1985	1492	+1	0	4	84
2018	06	16	AR	IS	1	1	WC	RU	-17	1968	1781	−1	+1	6	23
2018	06	21	HR	AR	3	0	WC	RU	66	1942	1902	+9	−6	8	12
2018	06	26	AR	NG	2	1	WC	RU	15	1917	1702	+2	−3	12	43
2018	06	30	FR	AR	4	3	WC	RU	22	2028	1895	+1	−2	2	13
2018	09	07	AR	GT	3	0	F	US	4	1899	1515	0	0	12	78
2018	09	11	AR	CO	0	0	F	US	1	1900	1942	0	+1	11	8
2018	10	11	AR	IQ	4	0	FT	SA	7	1907	1560	0	−1	11	67
2018	10	16	BR	AR	1	0	FT	SA	7	2130	1900	0	0	1	12
2018	11	16	AR	MX	2	0	ADI		11	1911	1789	−1	0	13	22
2018	11	20	AR	MX	2	0	ADI		10	1921	1779	+2	−1	11	23
2019	03	22	VE	AR	3	1	F	ES	22	1778	1899	+8	−2	24	13
2019	03	26	MA	AR	0	1	F		-8	1704	1907	−2	0	41	12
2019	06	07	AR	NI	5	1	F		1	1908	1296	0	−1	11	139
2019	06	15	CO	AR	2	0	CA	BR	30	2004	1878	+2	−3	5	15
2019	06	19	AR	PY	1	1	CA	BR	-11	1867	1721	−1	0	16	40
2019	06	23	AR	QA	2	0	CA	BR	26	1893	1728	+3	−7	13	37
2019	06	28	AR	VE	2	0	CA	BR	30	1923	1797	+2	−5	11	23
2019	07	02	BR	AR	2	0	CA		12	2115	1911	0	−1	1	12
2019	07	06	AR	CL	2	1	CA	BR	19	1930	1810	+1	−2	11	20
2019	09	05	AR	CL	0	0	F	US	-3	1927	1813	−1	0	12	20
2019	09	10	AR	MX	4	0	F	US	17	1944	1879	+1	−1	11	15
2019	10	09	DE	AR	2	2	F		-3	1947	1947	−1	+1	10	10
2019	10	13	AR	EC	6	1	F	ES	9	1956	1728	0	−3	9	38
2019	11	15	AR	BR	1	0	F	SA	14	1970	2076	+1	0	8	1
2019	11	18	AR	UY	2	2	F	IL	0	1970	1965	0	−1	8	10
2020	10	08	AR	EC	1	0	WQ		5	1975	1721	0	0	9	36
2020	10	13	BO	AR	1	2	WQ		-7	1585	1982	0	+2	60	8
2020	11	12	AR	PY	1	1	WQ		-14	1968	1783	−2	+1	9	26
2020	11	17	PE	AR	0	2	WQ		-26	1792	1994	−4	+4	25	6
2021	06	03	AR	CL	1	1	WQ		-13	1981	1829	0	+2	7	18
2021	06	08	CO	AR	2	2	WQ		-3	1928	1984	0	0	13	7
2021	06	14	AR	CL	1	1	CA	BR	-11	1973	1826	0	+1	8	18
2021	06	18	AR	UY	1	0	CA	BR	22	1995	1913	+1	−2	7	12
2021	06	21	AR	PY	1	0	CA	BR	12	2007	1782	+1	−2	6	27
2021	06	28	AR	BO	4	1	CA	BR	7	2014	1580	−1	−1	6	63
2021	07	03	AR	EC	3	0	CA	BR	20	2034	1783	+1	−3	5	27
2021	07	06	AR	CO	1	1	CA	BR	-10	2024	1905	0	0	5	14
2021	07	10	BR	AR	0	1	CA		-39	2114	2063	−1	+1	2	5
2021	09	02	VE	AR	1	3	WQ		-14	1737	2077	0	+1	34	3
2021	09	09	AR	BO	3	0	WQ		2	2079	1586	0	0	3	61
2021	10	07	PY	AR	0	0	WQ		10	1809	2069	+1	−1	22	4
2021	10	10	AR	UY	3	0	WQ		15	2084	1923	+1	−2	3	13
2021	10	14	AR	PE	1	0	WQ		4	2088	1801	0	−2	3	24
2021	11	12	UY	AR	0	1	WQ		-16	1897	2104	0	+1	14	2
2021	11	16	AR	BR	0	0	WQ		-3	2101	2149	−1	0	3	1
2022	01	27	CL	AR	1	2	WQ		-9	1784	2110	−1	0	28	3
2022	02	01	AR	CO	1	0	WQ		5	2115	1872	+1	−1	2	14
2022	03	25	AR	VE	3	0	WQ		3	2118	1689	0	−3	2	45
2022	03	29	EC	AR	1	1	WQ		10	1840	2108	+2	−1	21	3
2022	06	01	AR	IT	3	0	IC	EN	30	2138	1967	+1	−1	2	8
2022	06	05	AR	EE	5	0	F	ES	1	2139	1385	0	0	2	104
2022	09	23	AR	HN	3	0	F	US	1	2140	1461	0	−1	2	89
2022	09	27	AR	JM	3	0	F	US	1	2141	1552	0	0	2	69
2022	11	16	AE	AR	0	5	F		-2	1485	2143	+1	0	81	2
2022	11	22	SA	AR	2	1	WC	QA	57	1693	2086	+11	0	43	2
2022	11	26	AR	MX	2	0	WC	QA	15	2101	1793	0	−2	2	26
2022	11	30	AR	PL	2	0	WC	QA	17	2118	1826	0	−2	2	21
2022	12	03	AR	AU	2	1	WC	QA	8	2126	1773	0	−2	2	29
2022	12	09	AR	NL	2	2	WC	QA	-5	2121	2073	0	0	2	3
2022	12	13	AR	HR	3	0	WC	QA	29	2150	1923	+1	−1	1	11
2022	12	18	AR	FR	3	3	WC	QA	-6	2144	2081	0	0	1	3
2023	03	23	AR	PA	2	0	F		1	2145	1640	0	0	1	53
2023	03	28	AR	CW	7	0	F		0	2145	1350	0	−1	1	118
2023	06	15	AR	AU	2	0	F	CN	3	2148	1772	0	0	1	30
2023	06	19	ID	AR	0	2	F		0	1287	2148	0	0	138	1
2023	09	07	AR	EC	1	0	WQ		4	2152	1849	0	0	1	17
2023	09	12	BO	AR	0	3	WQ		-5	1596	2157	−1	0	62	1
2023	10	12	AR	PY	1	0	WQ		2	2159	1703	0	−1	1	42
2023	10	17	PE	AR	0	2	WQ		-11	1786	2170	0	0	27	1
2023	11	16	AR	UY	0	2	WQ		-52	2118	2002	−1	+2	2	7
2023	11	21	BR	AR	0	1	WQ		-21	2011	2139	−2	+1	6	1
2024	03	22	AR	SV	3	0	F	US	0	2139	1393	0	0	1	105
2024	03	26	AR	CR	3	1	F	US	1	2140	1605	0	0	1	62
2024	06	09	AR	EC	1	0	F	US	4	2144	1869	0	0	1	14
2024	06	14	AR	GT	4	1	F	US	1	2145	1486	0	0	1	86
2024	06	20	AR	CA	2	0	CA	US	6	2151	1714	0	0	1	40
2024	06	25	AR	CL	1	0	CA	US	4	2155	1722	0	−1	1	39
2024	06	29	AR	PE	2	0	CA	US	6	2161	1709	0	−1	1	42
2024	07	04	AR	EC	1	1	CA	US	-18	2143	1871	0	+1	1	16
2024	07	09	AR	CA	2	0	CA	US	7	2150	1739	0	−2	1	33
2024	07	14	AR	CO	1	0	CA	US	19	2169	2050	0	0	1	3
2024	09	05	AR	CL	3	0	WQ		3	2172	1720	0	+1	1	39
2024	09	10	CO	AR	2	1	WQ		22	2060	2150	0	−1	3	2
2024	10	10	VE	AR	1	1	WQ		13	1783	2137	+2	0	25	2
2024	10	15	AR	BO	6	0	WQ		3	2140	1668	0	−1	2	51
2024	11	14	PY	AR	2	1	WQ		34	1776	2106	+4	0	30	2
2024	11	19	AR	PE	1	0	WQ		2	2108	1722	0	0	2	41
2025	03	21	UY	AR	0	1	WQ		-17	1931	2125	−1	0	10	2
2025	03	25	AR	BR	4	1	WQ		16	2141	1993	0	0	2	5
2025	06	05	CL	AR	0	1	WQ		-5	1717	2146	−1	0	42	2
2025	06	10	AR	CO	1	1	WQ		-14	2132	1950	0	0	2	8
2025	09	04	AR	VE	3	0	WQ		4	2136	1741	0	0	2	37
2025	09	09	EC	AR	1	0	WQ		27	1934	2109	+2	0	9	2
2025	10	10	AR	VE	1	0	F	US	2	2111	1715	0	+1	2	39
2025	10	14	AR	PR	6	0	F	US	0	2111	1134	0	0	2	168
2025	11	14	AO	AR	0	2	F		-2	1566	2113	0	0	69	2