1904	05	01	BE	FR	3	3	ECT		-10	1790	1610	−	−	8	9
1905	02	12	FR	CH	1	0	F		5	1615	1495	0	−	9	11
1905	05	07	BE	FR	7	0	F		9	1774	1606	0	0	9	10
1906	04	22	FR	BE	0	5	F		-17	1589	1780	0	0	10	9
1906	11	01	FR	EN	0	15	F		-11	1578	1973	0	0	11	2
1907	04	21	BE	FR	1	2	F		-17	1792	1595	0	0	10	12
1908	03	08	CH	FR	1	2	F		-10	1485	1605	0	0	14	11
1908	03	23	EN	FR	12	0	F		3	2000	1602	0	0	2	11
1908	04	12	FR	BE	1	2	F		-8	1594	1792	0	0	12	10
1908	05	10	NL	FR	4	1	F		3	1893	1591	0	0	5	12
1908	10	22	DK	FR	17	1	OG	EN	18	2018	1573	−	−1	2	14
1909	05	09	BE	FR	5	2	F		6	1742	1567	0	0	11	15
1909	05	22	FR	EN	0	11	F		-3	1564	2173	0	0	15	1
1910	04	03	FR	BE	0	4	F		-13	1551	1780	0	0	15	11
1910	04	16	EN	FR	10	1	F		1	2134	1550	0	0	1	15
1910	05	15	IT	FR	6	2	F		7	1707	1543	−	−1	12	16
1911	01	01	FR	HU	0	3	F		-7	1536	1892	0	0	16	6
1911	03	23	FR	EN	0	3	F		-2	1534	2155	0	0	16	1
1911	04	09	FR	IT	2	2	F		2	1536	1691	0	0	16	12
1911	04	23	CH	FR	5	2	F		14	1523	1522	+2	−1	16	17
1911	04	30	BE	FR	7	1	F		5	1760	1517	0	−1	11	18
1911	10	29	LU	FR	1	4	F		-12	1288	1529	−	+1	24	18
1912	01	28	FR	BE	1	1	F		4	1533	1756	0	0	18	11
1912	02	18	FR	CH	4	1	F		13	1546	1530	+1	−1	17	18
1912	03	17	IT	FR	3	4	F		-16	1649	1562	0	0	13	17
1913	01	12	FR	IT	1	0	F		9	1571	1608	0	−1	17	15
1913	02	16	BE	FR	3	0	F		6	1748	1565	0	−1	11	18
1913	02	27	FR	EN	1	4	F		-2	1563	2176	0	0	18	1
1913	03	09	CH	FR	1	4	F		-20	1495	1583	0	+1	20	17
1913	04	20	FR	LU	8	0	F		4	1587	1284	0	0	17	26
1914	01	25	FR	BE	4	3	F		13	1600	1787	0	0	16	11
1914	02	08	LU	FR	5	4	F		16	1300	1584	0	0	26	16
1914	03	08	FR	CH	2	2	F		-5	1579	1509	0	0	18	21
1914	03	29	IT	FR	2	0	F		9	1626	1570	0	0	14	18
1914	05	31	HU	FR	5	1	F		2	1966	1568	0	0	3	18
1916	03	12	FR	BE	1	4	F		-13	1555	1765	0	0	19	12
1918	04	22	BE	FR	5	2	F		5	1779	1550	0	0	12	21
1919	03	09	BE	FR	2	2	F		-7	1770	1557	0	0	12	21
1920	01	18	IT	FR	9	4	F		11	1640	1546	0	0	17	22
1920	02	29	CH	FR	0	2	F		-18	1489	1564	−2	0	26	22
1920	03	28	FR	BE	2	1	F		14	1578	1778	0	0	22	12
1920	04	05	FR	EN	0	5	F		-6	1572	1988	0	+1	22	1
1920	08	24	FR	GR	8	0	F	BE	13	1585	1387	+1	−	21	29
1920	08	29	FR	IT	3	1	OG	BE	55	1640	1607	+3	−3	20	21
1920	08	31	CS	FR	4	1	OG	BE	19	1925	1621	+2	−1	5	21
1921	02	08	FR	IE	1	2	F		-13	1608	1610	−2	+2	22	21
1921	02	20	FR	IT	1	2	F		-12	1596	1633	−1	0	23	20
1921	03	06	BE	FR	3	1	F		2	1930	1594	0	0	7	22
1921	06	23	SI	FR	0	5	F		-26	1574	1620	−	+2	−	20
1921	11	13	FR	NL	0	5	F		-13	1607	1865	0	0	23	10
1922	01	15	FR	BE	2	1	F		15	1622	1867	0	0	24	9
1922	04	30	FR	ES	0	4	F		-6	1616	2030	0	0	24	1
1922	06	11	NO	FR	7	0	F		18	1608	1598	+5	−4	24	28
1923	01	28	ES	FR	3	0	F		2	2036	1596	0	0	1	29
1923	02	25	BE	FR	4	1	F		3	1897	1593	+1	0	7	29
1923	04	02	NL	FR	8	1	F		6	1818	1587	0	−1	13	30
1923	04	22	FR	CH	2	2	F		-2	1585	1613	0	0	30	27
1923	05	10	FR	EN	1	4	F		-7	1578	1919	−2	+1	32	4
1923	10	28	FR	NO	0	2	F		-18	1560	1620	−3	+2	35	25
1924	01	13	FR	BE	2	0	F		24	1584	1873	+5	0	30	8
1924	03	23	CH	FR	3	0	F		12	1610	1572	+1	−3	26	32
1924	05	17	FR	EN	1	3	F		-7	1565	1874	−2	+1	35	7
1924	05	27	FR	LV	7	0	OG		24	1589	1376	+6	−3	28	47
1924	06	01	FR	UY	1	5	OG		-15	1574	2029	−1	0	30	1
1924	06	04	FR	HU	0	1	F		-6	1568	1840	−2	+1	32	11
1924	11	11	BE	FR	3	0	F		5	1785	1563	0	−2	14	34
1925	03	22	IT	FR	7	0	F		9	1723	1554	0	−2	19	37
1925	04	19	FR	AT	0	4	F		-9	1545	1859	−1	0	38	10
1925	05	21	FR	EN	2	3	F		-4	1541	1903	0	0	37	5
1926	04	11	FR	BE	4	3	F		13	1554	1729	+3	−2	33	19
1926	04	18	FR	PT	4	2	F		17	1571	1674	+3	−1	30	25
1926	04	25	FR	CH	1	0	F		12	1583	1721	+1	−3	29	20
1926	05	30	AT	FR	4	1	F		3	1900	1580	0	0	6	30
1926	06	13	FR	YU	4	1	F		11	1591	1544	+1	0	29	37
1926	06	20	BE	FR	2	2	F		-6	1736	1597	0	0	17	29
1927	03	16	PT	FR	4	0	F		10	1686	1587	0	−2	24	31
1927	04	24	FR	IT	3	3	F		2	1589	1771	0	0	31	13
1927	05	22	FR	ES	1	4	F		-5	1584	2024	0	0	30	2
1927	05	26	FR	EN	0	6	F		-9	1575	1917	−1	+1	31	6
1927	06	12	HU	FR	13	1	F		7	1821	1568	0	−4	11	35
1928	02	21	FR	EI	4	0	F		21	1589	1698	+5	−2	30	20
1928	03	11	CH	FR	4	3	F		5	1693	1584	+1	−1	21	31
1928	04	15	FR	BE	2	3	F		-10	1574	1690	−1	+1	33	23
1928	04	29	FR	PT	1	1	F		1	1575	1707	0	0	33	19
1928	05	13	FR	CS	0	2	F		-6	1569	1927	0	+1	34	5
1928	05	17	FR	EN	1	5	F		-12	1557	1822	−3	0	37	12
1928	05	29	IT	FR	4	3	OG	NL	12	1809	1545	0	−1	13	38
1929	02	24	FR	HU	3	0	F		25	1570	1787	+5	0	35	13
1929	03	24	FR	PT	2	0	F		17	1587	1693	+4	−1	31	20
1929	04	14	ES	FR	8	1	F		4	1911	1583	0	−1	8	32
1929	05	09	FR	EN	1	4	F		-9	1574	1869	−3	0	33	10
1929	05	19	FR	YU	1	3	F		-18	1556	1624	−2	+3	35	25
1929	05	26	BE	FR	4	1	F		9	1655	1547	0	−1	23	36
1930	02	23	PT	FR	2	0	F		6	1707	1541	0	−1	18	38
1930	03	23	FR	CH	3	3	F		-2	1539	1557	−1	0	40	36
1930	04	13	FR	BE	1	6	F		-19	1520	1667	0	0	40	24
1930	05	11	FR	CS	2	3	F		-3	1517	1898	0	0	40	9
1930	05	18	FR	SQ	0	2	F		-3	1514	2027	0	0	40	2
1930	05	25	BE	FR	1	2	F		-16	1652	1530	−2	0	25	40
1930	07	10	FR	RO	4	2	F	UY	17	1547	1561	+3	−2	37	35
1930	07	13	FR	MX	4	1	WC	UY	62	1609	1551	+9	−8	28	36
1930	07	15	AR	FR	1	0	WC	UY	4	2077	1605	0	−1	1	30
1930	07	19	CL	FR	1	0	WC	UY	28	1652	1577	+2	−3	25	34
1930	08	01	BR	FR	3	2	F		2	1876	1575	0	0	9	34
1930	12	07	FR	BE	2	2	F		-2	1573	1604	0	0	33	30
1931	01	25	IT	FR	5	0	F		2	1967	1571	0	0	5	33
1931	02	15	FR	CS	1	2	F		-4	1567	1919	−1	0	34	8
1931	03	15	FR	DE	1	0	F		14	1581	1800	+1	0	33	13
1931	05	14	FR	EN	5	2	F		30	1611	1964	+4	−1	30	5
1931	11	29	FR	NL	3	4	F		-12	1599	1644	−1	0	31	26
1932	03	20	CH	FR	3	3	F		-1	1528	1600	0	+1	39	30
1932	04	10	FR	IT	1	2	F		-3	1597	1978	0	0	30	6
1932	05	01	BE	FR	5	2	F		13	1603	1584	+2	−3	30	33
1932	05	08	FR	SQ	1	3	F		-5	1579	1988	−1	0	34	5
1932	06	05	YU	FR	2	1	F		8	1545	1571	0	−1	39	35
1932	06	09	BG	FR	3	5	F		-12	1395	1583	0	+2	56	33
1932	06	12	RO	FR	6	3	F		10	1652	1573	+2	−1	25	34
1933	02	12	FR	AT	0	4	F		-5	1568	2022	−1	0	37	3
1933	03	19	DE	FR	3	3	F		-7	1758	1575	−1	+2	13	35
1933	03	26	FR	BE	3	0	F		14	1589	1582	+2	−2	33	34
1933	04	23	FR	ES	1	0	F		16	1605	1913	+1	0	32	8
1933	05	25	FR	WA	1	1	F		1	1606	1754	0	0	32	14
1933	06	10	CS	FR	4	0	F		5	1833	1601	0	0	11	32
1933	12	06	EN	FR	4	1	F		2	2003	1599	0	0	3	34
1934	01	21	BE	FR	2	3	F		-13	1575	1612	−2	+1	38	33
1934	03	11	FR	CH	0	1	F		-13	1599	1620	−1	+3	34	31
1934	03	25	FR	CS	1	2	F		-6	1593	1843	−1	+1	34	9
1934	04	15	LU	FR	1	6	WQ		-18	1260	1611	−1	+1	71	33
1934	05	10	NL	FR	4	5	F		-15	1707	1626	−2	+2	20	31
1934	05	27	AT	FR	3	2	WC	IT	5	2055	1621	+1	−2	1	33
1934	12	16	FR	YU	3	2	F		6	1627	1588	+2	−1	31	38
1935	01	24	ES	FR	2	0	F		2	1971	1625	0	0	5	30
1935	02	17	IT	FR	2	1	F		1	2045	1624	0	0	1	29
1935	03	17	FR	DE	1	3	F		-8	1616	1897	−3	0	32	8
1935	04	14	BE	FR	1	1	F		0	1523	1616	0	−1	44	34
1935	05	19	FR	HU	2	0	F		20	1636	1826	+3	0	30	11
1935	10	27	CH	FR	2	1	F		6	1678	1630	+4	0	21	31
1935	11	10	FR	SE	2	0	F		18	1648	1793	+1	0	30	13
1936	01	12	FR	NL	1	6	F		-22	1626	1735	−1	+1	31	17
1936	02	09	FR	CS	0	3	F		-9	1617	1912	−2	0	33	8
1936	03	08	FR	BE	3	0	F		8	1625	1509	+2	−2	31	46
1936	12	13	FR	YU	1	0	F		8	1633	1642	0	−2	32	29
1937	01	24	FR	AT	1	2	F		-6	1627	1907	0	0	33	8
1937	02	21	BE	FR	3	1	F		15	1546	1612	+1	−2	44	35
1937	03	21	DE	FR	4	0	F		6	1818	1606	0	0	13	35
1937	05	23	FR	IE	0	2	F		-17	1589	1675	−4	+4	38	23
1937	10	10	FR	CH	2	1	F		7	1596	1589	+2	−3	37	39
1937	10	31	NL	FR	2	3	F		-16	1710	1612	−1	+3	19	34
1937	12	05	FR	IT	0	0	F		8	1620	2049	+1	−1	33	2
1938	01	30	FR	BE	5	3	F		8	1628	1533	+2	0	33	47
1938	03	24	FR	BG	6	1	F		9	1637	1505	0	−1	33	51
1938	05	26	FR	EN	2	4	F		-7	1630	1967	−1	0	35	4
1938	06	05	FR	BE	3	1	WC		25	1655	1542	+5	−4	29	48
1938	06	12	FR	IT	1	3	WC		-13	1642	2073	−3	0	32	1
1938	12	04	IT	FR	1	0	F		1	2126	1641	0	0	1	32
1939	01	22	FR	PL	4	0	F		11	1652	1580	+1	−2	32	43
1939	03	16	FR	HU	2	2	F		5	1657	1922	+2	0	29	6
1939	05	18	BE	FR	1	3	F		-14	1518	1671	−1	+3	47	26
1939	05	20	FR	WA	2	1	F		13	1684	1870	+3	0	23	9
1940	01	28	FR	PT	3	2	F		6	1690	1645	+2	−1	24	34
1942	03	08	FR	CH	0	2	F		-17	1673	1769	−3	0	25	16
1942	03	15	ES	FR	4	0	F		4	1953	1669	0	−2	6	27
1944	12	24	FR	BE	3	1	F		6	1675	1529	+2	0	26	51
1945	04	08	CH	FR	1	0	F		5	1749	1670	0	0	16	26
1945	05	26	EN	FR	2	2	F		-8	1989	1678	0	+1	4	24
1945	12	06	AT	FR	4	1	F		5	1899	1673	0	−1	8	25
1945	12	15	BE	FR	2	1	F		12	1516	1661	+3	−3	51	28
1946	04	07	FR	CS	3	0	F		22	1683	1829	+6	0	23	11
1946	04	14	PT	FR	2	1	F		8	1669	1675	+2	−1	28	24
1946	05	05	FR	AT	3	1	F		20	1695	1886	+3	0	21	8
1946	05	19	FR	EN	2	1	F		14	1709	1921	+2	0	19	6
1947	03	23	FR	PT	1	0	F		7	1716	1697	+1	−2	19	23
1947	05	03	EN	FR	3	0	F		4	1973	1712	0	0	5	19
1947	05	26	FR	NL	4	0	F		12	1724	1668	0	−4	18	31
1947	06	01	FR	BE	4	2	F		5	1729	1524	0	−1	18	50
1947	06	08	CH	FR	1	2	F		-14	1776	1743	−1	+1	16	17
1947	11	23	PT	FR	2	4	F		-17	1683	1760	−2	+1	26	17
1948	04	04	FR	IT	1	3	F		-7	1753	2073	0	0	17	2
1948	05	23	FR	SQ	3	0	F		17	1770	1833	+1	−2	16	14
1948	06	06	BE	FR	4	2	F		21	1543	1749	+3	−1	50	17
1948	06	12	CS	FR	0	4	F		-26	1754	1775	−1	+2	16	15
1948	10	17	FR	BE	3	3	F		-7	1768	1550	0	+2	16	48
1949	04	23	NL	FR	4	1	F		16	1711	1752	+1	−1	23	18
1949	04	27	SQ	FR	2	0	F		5	1937	1747	0	0	6	18
1949	05	22	FR	EN	1	3	F		-8	1739	2027	0	0	17	2
1949	06	04	FR	CH	4	2	F		11	1750	1739	+1	−1	17	18
1949	06	19	FR	ES	1	5	F		-17	1733	1895	−2	0	19	9
1949	10	09	YU	FR	1	1	WQ		-9	1787	1742	−1	+1	14	16
1949	10	30	FR	YU	1	1	WQ		-3	1739	1790	0	+1	16	13
1949	11	13	FR	CS	1	0	F		7	1746	1729	0	−3	16	20
1949	12	11	YU	FR	3	2	WQ	IT	19	1787	1727	0	−6	14	22
1950	05	27	FR	SQ	0	1	F		-6	1721	1960	−1	0	23	6
1950	06	04	BE	FR	4	1	F		16	1672	1705	+3	−1	29	24
1950	11	01	FR	BE	3	3	F		-4	1701	1676	0	+1	24	27
1950	12	10	FR	NL	5	2	F		10	1711	1628	+1	0	23	34
1951	02	06	FR	YU	2	1	F		12	1723	1873	+1	0	22	10
1951	05	12	EI	FR	2	2	F		0	1625	1723	0	0	34	22
1951	05	16	SQ	FR	1	0	F		2	2004	1721	0	0	3	22
1951	06	03	IT	FR	4	1	F		4	1988	1717	+1	0	4	22
1951	10	03	EN	FR	2	2	F		-8	1977	1725	0	0	5	21
1951	10	14	CH	FR	1	2	F		-13	1715	1738	−1	+4	21	17
1951	11	01	FR	AT	2	2	F		2	1740	1901	+1	0	16	8
1952	03	26	FR	SE	0	1	F		-10	1730	1854	−4	+1	21	12
1952	04	20	FR	PT	3	0	F		10	1740	1657	+3	0	18	30
1952	05	22	BE	FR	1	2	F		-12	1688	1752	0	+1	25	17
1952	10	05	FR	WG	3	1	F		18	1770	1905	+1	0	16	7
1952	10	19	AT	FR	1	2	F		-16	1877	1786	0	+1	9	15
1952	11	11	FR	EI	3	1	F		6	1792	1624	0	0	15	35
1952	11	16	IE	FR	1	1	F		2	1634	1790	+1	0	33	14
1952	12	25	FR	BE	0	1	F		-15	1775	1705	−1	0	15	23
1953	03	12	FR	NL	1	2	F		-17	1758	1596	−1	+3	16	41
1953	05	14	FR	WA	6	1	F		17	1775	1784	+1	0	15	14
1953	06	11	SE	FR	1	0	F		6	1832	1769	0	−1	13	16
1953	09	20	LU	FR	1	6	WQ		-9	1308	1778	−2	+2	92	14
1953	10	04	IE	FR	3	5	WQ		-28	1632	1806	−7	0	34	14
1953	10	18	YU	FR	3	1	F		6	1940	1800	0	0	6	13
1953	11	11	FR	CH	2	4	F		-24	1776	1672	−1	+1	14	27
1953	11	25	FR	IE	1	0	WQ		8	1784	1630	0	−1	14	35
1953	12	17	FR	LU	8	0	WQ		3	1787	1299	0	−2	14	95
1954	04	11	FR	IT	1	3	F		-15	1772	1893	−1	0	15	9
1954	05	30	BE	FR	3	3	F		-3	1777	1775	0	+1	14	15
1954	06	16	YU	FR	1	0	WC	CH	17	1951	1758	+1	−1	5	16
1954	06	19	FR	MX	3	2	WC	CH	24	1782	1659	+1	−5	15	31
1954	10	16	WG	FR	1	3	F		-27	2047	1809	0	0	3	14
1954	11	11	FR	BE	2	2	F		-4	1805	1782	0	0	14	15
1955	03	17	ES	FR	1	2	F		-14	1822	1819	−1	+1	12	13
1955	04	03	FR	SE	2	0	F		11	1830	1814	+2	−2	10	12
1955	05	15	FR	EN	1	0	F		12	1842	2002	0	−1	10	5
1955	10	09	CH	FR	1	2	F		-8	1678	1850	0	0	26	9
1955	10	23	SU	FR	2	2	F		0	1765	1850	0	0	17	9
1955	11	11	FR	YU	1	1	F		0	1850	1962	0	0	9	5
1955	12	25	BE	FR	2	1	F		11	1729	1839	+4	0	20	9
1956	02	15	IT	FR	2	0	F		11	1850	1828	0	−2	10	12
1956	03	25	FR	AT	3	1	F		15	1843	1918	+1	0	10	8
1956	10	07	FR	HU	1	2	F		-5	1838	2128	0	0	11	1
1956	10	21	FR	SU	2	1	F		7	1845	1808	0	−1	11	14
1956	11	11	FR	BE	6	3	WQ		13	1858	1683	+2	−3	9	29
1957	03	24	PT	FR	0	1	F		-8	1680	1866	−2	0	28	11
1957	06	02	FR	IS	8	0	WQ		2	1868	1334	+1	0	9	98
1957	09	01	IS	FR	1	5	WQ		-5	1294	1873	−2	0	105	10
1957	10	06	HU	FR	2	0	F		4	2089	1869	+1	0	1	10
1957	10	27	BE	FR	0	0	WQ		5	1692	1864	+1	−1	27	11
1957	11	27	EN	FR	4	0	F		8	2006	1856	0	0	3	12
1957	12	25	FR	BG	2	2	F		-7	1849	1663	−1	+3	13	35
1958	03	13	FR	ES	2	2	F		-2	1847	1875	0	0	13	11
1958	04	16	FR	CH	0	0	F		-7	1840	1630	0	+1	13	40
1958	06	08	FR	PY	7	3	WC	SE	42	1882	1709	+3	−10	9	29
1958	06	11	YU	FR	3	2	WC	SE	28	1935	1854	0	−2	7	11
1958	06	15	FR	SQ	2	1	WC	SE	25	1879	1770	+2	−4	10	18
1958	06	19	FR	EI	4	0	WC	SE	47	1926	1773	+5	−4	5	18
1958	06	24	BR	FR	5	2	WC	SE	33	2098	1893	0	−5	1	10
1958	06	28	FR	WG	6	3	WC	SE	60	1953	1882	+6	−6	4	11
1958	10	01	FR	GR	7	1	EQ		3	1956	1488	+1	−3	3	70
1958	10	05	AT	FR	1	2	F		-9	1818	1965	0	+1	13	2
1958	10	26	FR	WG	2	2	F		-5	1960	1882	−2	+1	4	10
1958	11	09	FR	IT	2	2	F		-6	1954	1797	0	0	4	15
1958	12	03	GR	FR	1	1	EQ		16	1504	1938	+5	−1	65	4
1959	03	01	FR	BE	2	2	F		-8	1930	1656	0	0	4	39
1959	10	11	BG	FR	1	0	F		14	1710	1916	+1	−1	32	6
1959	11	11	FR	PT	5	3	F		4	1920	1696	+1	−1	5	34
1959	12	13	FR	AT	5	2	EQ		19	1939	1827	0	−1	5	14
1959	12	17	FR	ES	4	3	F		6	1945	1906	0	−2	5	9
1960	02	28	BE	FR	1	0	F		16	1646	1929	+3	−1	38	6
1960	03	16	FR	CL	6	0	F		7	1936	1727	0	0	6	27
1960	03	27	AT	FR	2	4	EQ		-29	1798	1965	−1	+2	15	4
1960	07	06	FR	YU	4	5	EC		-37	1928	1921	−3	+2	7	9
1960	07	09	FR	CS	0	2	EC		-54	1874	1917	−4	+2	11	9
1960	09	25	FI	FR	1	2	WQ		-2	1256	1876	0	0	117	11
1960	09	28	PL	FR	2	2	F		4	1653	1872	+1	0	38	11
1960	10	12	CH	FR	6	2	F		28	1618	1844	+2	−1	43	12
1960	10	30	SE	FR	1	0	F		6	1910	1838	0	−1	10	13
1960	12	11	FR	BG	3	0	WQ		20	1858	1760	+1	−4	12	23
1961	03	15	FR	BE	1	1	F		-8	1850	1605	0	+2	12	45
1961	04	02	ES	FR	2	0	F		8	1928	1842	0	−1	9	13
1961	09	28	FR	FI	5	1	WQ		2	1844	1282	0	0	14	114
1961	10	18	BE	FR	3	0	F		25	1598	1819	+3	−1	46	15
1961	11	12	BG	FR	1	0	WQ		17	1784	1802	0	−1	18	16
1961	12	10	FR	ES	1	1	F		2	1804	1963	0	0	16	6
1961	12	16	BG	FR	1	0	WQ	IT	21	1805	1783	+2	−2	16	18
1962	04	11	FR	PL	1	3	F		-23	1760	1705	−4	+4	21	26
1962	05	05	IT	FR	2	1	F		5	1868	1755	0	0	14	21
1962	10	03	EN	FR	1	1	EQ		-13	1900	1768	0	+3	9	19
1962	10	24	WG	FR	2	2	F		-7	1938	1775	0	0	6	19
1962	11	11	FR	HU	2	3	F		-7	1768	1987	−1	0	19	4
1963	01	09	ES	FR	0	0	F		-6	1890	1774	0	0	11	18
1963	02	27	FR	EN	5	2	EQ		41	1815	1890	+1	−2	17	10
1963	04	17	NL	FR	1	0	F		11	1685	1804	+1	−2	31	18
1963	04	28	FR	BR	2	3	F		-9	1795	1950	0	+1	18	3
1963	09	29	BG	FR	1	0	EQ		16	1785	1779	+2	−2	19	20
1963	10	26	FR	BG	3	1	EQ		22	1801	1763	+1	−3	18	21
1963	11	11	FR	CH	2	2	F		-7	1794	1580	0	0	18	52
1963	12	25	FR	BE	1	2	F		-15	1779	1731	0	+1	18	27
1964	04	25	FR	HU	1	3	EQ		-23	1756	1987	−5	0	23	2
1964	05	23	HU	FR	2	1	EQ		5	1980	1751	0	−1	2	23
1964	10	04	LU	FR	0	2	WQ		-11	1377	1762	−4	+1	104	22
1964	11	11	FR	NO	1	0	WQ		5	1767	1523	+1	−3	20	67
1964	12	02	BE	FR	3	0	F		15	1723	1752	+4	−2	24	23
1965	03	24	FR	AT	1	2	F		-11	1741	1829	0	+1	23	16
1965	04	18	YU	FR	1	0	WQ		9	1868	1732	+1	−2	12	26
1965	06	03	FR	AR	0	0	F		4	1736	1968	0	0	26	2
1965	09	15	NO	FR	0	1	WQ		-15	1539	1751	−1	+3	58	23
1965	10	09	FR	YU	1	0	WQ		19	1770	1806	+2	−1	21	15
1965	11	06	FR	LU	4	1	WQ		3	1773	1326	0	0	21	113
1966	03	19	FR	IT	0	0	F		2	1775	1944	+1	−1	22	6
1966	04	20	FR	BE	0	3	F		-24	1751	1770	−4	+3	26	24
1966	06	05	SU	FR	3	3	F		-8	2003	1759	−1	+2	2	23
1966	07	13	FR	MX	1	1	WC	EN	9	1768	1859	+1	−4	20	14
1966	07	15	UY	FR	2	1	WC	EN	22	1888	1746	+2	−5	10	25
1966	07	20	EN	FR	2	0	WC		11	2004	1735	+1	−1	2	26
1966	09	28	HU	FR	4	2	F		4	1954	1731	0	0	6	26
1966	10	22	FR	PL	2	1	EQ		13	1744	1682	0	−1	26	34
1966	11	11	BE	FR	2	1	EQ		14	1766	1730	+2	0	21	27
1966	11	26	LU	FR	0	3	EQ		-10	1311	1740	−2	0	113	27
1967	03	22	FR	RO	1	2	F		-9	1731	1873	0	0	27	11
1967	06	03	FR	SU	2	4	F		-10	1721	1973	−1	0	29	6
1967	09	17	PL	FR	1	4	EQ		-41	1640	1762	−4	+7	38	22
1967	09	27	WG	FR	5	1	F		4	2024	1758	0	−1	2	22
1967	10	28	FR	BE	1	1	EQ		-8	1750	1712	−3	0	25	31
1967	12	23	FR	LU	3	1	EQ		3	1753	1323	+1	−1	22	112
1968	04	06	FR	YU	1	1	EQ		-1	1752	1830	−1	0	23	16
1968	04	24	YU	FR	5	1	EQ		20	1850	1732	+2	−2	14	25
1968	09	25	FR	WG	1	1	F		5	1737	2009	0	−1	28	3
1968	10	17	FR	ES	1	3	F		-14	1723	1872	0	+2	27	11
1968	11	06	FR	NO	0	1	WQ		-34	1689	1566	−3	+6	30	59
1969	03	12	EN	FR	5	0	F		3	2053	1686	0	−1	1	31
1969	04	30	FR	RO	1	0	F		9	1695	1759	0	−1	33	22
1969	09	10	NO	FR	1	3	WQ		-24	1503	1719	−2	+2	69	29
1969	10	15	SE	FR	2	0	WQ		12	1864	1707	+1	−3	11	31
1969	11	01	FR	SE	3	0	WQ		41	1748	1823	+6	−3	25	13
1970	04	08	FR	BG	1	1	F		-1	1747	1817	0	0	24	15
1970	04	28	FR	RO	2	0	F		13	1760	1786	0	−2	24	19
1970	05	03	CH	FR	2	1	F		11	1653	1749	0	0	41	24
1970	09	05	FR	CS	3	0	F		18	1767	1842	+2	−1	20	10
1970	10	07	AT	FR	1	0	F		8	1731	1759	0	−1	28	21
1970	11	11	FR	NO	3	1	EQ		8	1767	1524	+1	−2	20	64
1970	11	15	BE	FR	1	2	F		-12	1730	1779	−1	+2	27	18
1971	01	08	AR	FR	3	4	F		-14	1825	1793	0	+1	13	18
1971	01	13	AR	FR	2	0	F		10	1835	1783	0	−1	13	19
1971	03	17	ES	FR	2	2	F		-5	1869	1788	0	+1	8	18
1971	04	24	HU	FR	1	1	EQ		-12	1924	1800	−1	0	7	18
1971	09	08	NO	FR	1	3	EQ		-15	1499	1815	−1	+2	67	17
1971	10	09	FR	HU	0	2	EQ		-30	1785	1944	−1	0	19	6
1971	11	10	FR	BG	2	1	EQ		15	1800	1784	+3	−2	16	19
1971	12	04	BG	FR	2	1	EQ		16	1794	1784	+2	−3	18	20
1972	04	08	RO	FR	2	0	F		9	1844	1775	0	−1	13	21
1972	06	18	FR	CO	3	2	BRI	BR	4	1779	1412	+1	0	22	87
1972	06	25	AR	FR	0	0	BRI	BR	-6	1880	1785	−1	0	9	21
1972	09	02	GR	FR	1	3	F		-13	1616	1798	−2	+5	46	18
1972	10	13	FR	SU	1	0	WQ		23	1821	1920	+3	−1	16	7
1972	11	15	IE	FR	2	1	WQ		29	1585	1792	+6	−4	51	21
1973	03	03	FR	PT	1	2	F		-9	1783	1919	−3	0	24	9
1973	05	19	FR	IE	1	1	WQ		-14	1769	1594	0	+4	23	50
1973	05	26	SU	FR	2	0	WQ		11	1938	1758	0	−3	6	26
1973	09	08	FR	GR	3	1	F		5	1763	1593	+1	−1	26	49
1973	10	13	WG	FR	2	1	F		1	2117	1762	0	0	2	27
1973	11	21	FR	DK	3	0	F		9	1771	1659	+2	−1	25	36
1974	03	23	FR	RO	1	0	F		8	1779	1795	+1	−1	24	20
1974	04	27	CS	FR	3	3	F		-4	1837	1783	0	+2	15	22
1974	05	18	FR	AR	0	1	F		-10	1773	1907	−3	+2	25	8
1974	09	07	PL	FR	0	2	F		-27	2032	1800	−1	+3	4	20
1974	10	12	BE	FR	2	1	EQ		10	1900	1790	+4	0	9	20
1974	11	16	FR	DD	2	2	EQ		0	1790	1897	0	0	21	11
1975	03	26	FR	HU	2	0	F		14	1804	1848	+1	−2	20	15
1975	04	26	FR	PT	0	2	F		-17	1787	1876	0	+1	21	12
1975	05	25	IS	FR	0	0	EQ		16	1305	1771	+1	0	117	21
1975	09	03	FR	IS	3	0	EQ		3	1774	1342	0	0	22	107
1975	10	12	DD	FR	2	1	EQ		9	1899	1765	0	−1	10	23
1975	11	15	FR	BE	0	0	EQ		1	1766	1889	0	0	23	13
1976	03	27	FR	CS	2	2	F		1	1767	1899	+1	0	24	9
1976	04	24	FR	PL	2	0	F		21	1788	2002	+5	0	20	4
1976	05	22	HU	FR	1	0	F		6	1849	1782	+1	−1	14	22
1976	09	01	DK	FR	1	1	F		1	1647	1781	0	0	41	22
1976	10	09	BG	FR	2	2	WQ		-7	1793	1788	−1	0	19	21
1976	11	17	FR	IE	2	0	WQ		18	1806	1718	+1	0	19	27
1977	02	02	FR	RO	2	0	F		12	1818	1820	+2	−1	18	17
1977	02	23	FR	WG	1	0	F		16	1834	2119	+2	0	16	1
1977	03	30	IE	FR	1	0	WQ		21	1732	1813	+2	−2	27	19
1977	04	23	CH	FR	0	4	F		-13	1592	1826	−2	+1	48	18
1977	06	26	AR	FR	0	0	F		-5	1916	1831	−1	+1	9	17
1977	06	30	BR	FR	2	2	F		-7	2060	1838	0	+1	3	16
1977	10	08	FR	SU	0	0	F		-1	1837	1905	0	0	17	11
1977	11	16	FR	BG	3	1	WQ		16	1853	1752	+3	−2	16	25
1978	02	08	IT	FR	2	2	F		-5	1943	1858	0	0	7	16
1978	03	08	FR	PT	2	0	F		11	1869	1854	+1	−1	15	16
1978	04	01	FR	BR	1	0	F		13	1882	2058	0	0	14	3
1978	05	11	FR	IR	2	1	F		5	1887	1777	0	0	13	23
1978	05	19	FR	TN	2	0	F		4	1891	1663	0	−1	13	37
1978	06	02	IT	FR	2	1	WC	AR	26	1963	1865	+4	−1	5	14
1978	06	06	AR	FR	2	1	WC		16	1962	1849	+1	−1	6	16
1978	06	10	FR	HU	3	1	WC	AR	45	1894	1807	+4	−5	12	20
1978	09	01	FR	SE	2	2	EQ		-12	1882	1769	0	+1	13	23
1978	10	07	LU	FR	1	3	EQ		-3	1261	1885	−1	0	121	14
1978	11	08	FR	ES	1	0	F		10	1895	1961	0	0	14	7
1979	02	25	FR	LU	3	0	EQ		1	1896	1260	0	−1	13	122
1979	04	04	CS	FR	2	0	EQ		20	1935	1876	+1	−3	9	15
1979	05	02	US	FR	0	6	F		-6	1461	1882	−1	0	76	15
1979	09	05	SE	FR	1	3	EQ		-24	1688	1906	−3	+2	32	12
1979	10	10	FR	US	3	0	F		2	1908	1473	0	0	12	77
1979	11	17	FR	CS	2	1	EQ		15	1923	1912	+2	−2	9	11
1980	02	27	FR	GR	5	1	F		5	1928	1694	+2	−1	9	32
1980	03	26	FR	NL	0	0	F		0	1928	2032	+1	0	8	4
1980	05	23	SU	FR	1	0	F		8	1914	1920	+4	−1	10	8
1980	10	11	CY	FR	0	7	WQ		-4	1267	1924	0	+2	119	11
1980	10	28	FR	IE	2	0	WQ		11	1935	1749	+3	−1	8	25
1980	11	19	WG	FR	4	1	F		6	2116	1929	0	−2	1	11
1981	02	18	ES	FR	1	0	F		9	1856	1920	0	−1	16	12
1981	03	25	NL	FR	1	0	WQ		14	1938	1906	+1	0	10	12
1981	04	29	FR	BE	3	2	WQ		17	1923	1942	+2	−3	11	9
1981	05	15	FR	BR	1	3	F		-13	1910	2079	−1	+1	12	1
1981	09	09	BE	FR	2	0	WQ		19	1961	1891	+2	−1	4	13
1981	10	14	IE	FR	3	2	WQ		22	1779	1869	+4	−1	21	14
1981	11	18	FR	NL	2	0	WQ		28	1897	1913	+2	−1	12	7
1981	12	05	FR	CY	4	0	WQ		1	1898	1256	+1	−1	11	123
1982	02	23	FR	IT	2	0	F		11	1909	1902	0	−4	11	12
1982	03	24	FR	EI	4	0	F		8	1917	1762	+2	0	7	22
1982	04	28	FR	PE	0	1	F		-16	1901	1765	−4	+5	12	22
1982	05	14	FR	BG	0	0	F		-6	1895	1741	−1	0	13	29
1982	06	02	FR	WA	0	1	F		-14	1881	1852	−2	+1	15	16
1982	06	16	EN	FR	3	1	WC	ES	35	1998	1846	+2	−2	3	17
1982	06	21	FR	KW	4	1	WC	ES	25	1871	1623	+2	−3	14	43
1982	06	24	CS	FR	1	1	WC	ES	2	1849	1869	0	−1	17	14
1982	06	28	FR	AT	1	0	WC	ES	36	1905	1900	+5	−1	8	9
1982	07	04	FR	EI	4	1	WC	ES	37	1942	1764	+3	−2	6	21
1982	07	08	FR	WG	3	3	WC	ES	13	1955	2091	0	0	7	2
1982	07	10	PL	FR	3	2	WC	ES	29	1990	1926	0	−1	6	8
1982	08	31	FR	PL	0	4	F		-21	1905	2011	−1	+1	9	5
1982	10	06	FR	HU	1	0	F		5	1910	1814	+1	0	8	18
1982	11	10	NL	FR	1	2	F		-12	1878	1922	−2	0	13	8
1983	02	16	PT	FR	0	3	F		-16	1772	1938	0	0	21	8
1983	03	23	FR	SU	1	1	F		-1	1937	2010	0	0	8	3
1983	04	23	FR	YU	4	0	F		11	1948	1862	+1	−2	7	13
1983	05	31	BE	FR	1	1	F	LU	0	1940	1948	0	0	7	6
1983	09	07	DK	FR	3	1	F		18	1785	1930	+2	−2	20	8
1983	10	05	FR	ES	1	1	F		-4	1926	1884	0	+1	8	10
1983	11	12	YU	FR	0	0	F		-1	1846	1927	0	0	18	5
1984	02	29	FR	EN	2	0	F		14	1941	1986	0	0	5	3
1984	03	28	FR	AT	1	0	F		4	1945	1816	0	0	5	21
1984	04	18	FR	WG	1	0	F		9	1954	2011	0	−1	5	2
1984	06	01	FR	SQ	2	0	F		7	1961	1843	0	−1	5	17
1984	06	12	FR	DK	1	0	EC		10	1971	1802	0	0	4	22
1984	06	16	FR	BE	5	0	EC		31	2002	1905	0	−1	3	7
1984	06	19	FR	YU	3	2	EC		7	2009	1790	0	0	3	23
1984	06	23	FR	PT	3	2	EC		10	2019	1852	0	−2	2	16
1984	06	27	FR	ES	2	0	EC		16	2035	1882	0	−4	2	11
1984	10	13	LU	FR	0	4	WQ		-1	1182	2036	0	0	141	1
1984	11	21	FR	BG	1	0	WQ		4	2040	1753	0	0	1	30
1984	12	08	FR	DD	2	0	WQ		10	2050	1853	0	−1	1	14
1985	04	03	YU	FR	0	0	WQ		6	1845	2044	+3	0	12	1
1985	05	02	BG	FR	2	0	WQ		43	1827	2001	+9	−2	18	3
1985	08	21	FR	UY	2	0	AFT		17	2018	1871	0	−1	1	9
1985	09	11	DD	FR	2	0	WQ		39	1844	1979	+8	−1	15	2
1985	10	30	FR	LU	6	0	WQ		0	1979	1173	0	0	2	144
1985	11	16	FR	YU	2	0	WQ		11	1990	1816	0	−2	2	22
1986	02	26	FR	EI	0	0	F		-6	1984	1850	0	0	1	16
1986	03	26	FR	AR	2	0	F		7	1991	1873	0	−2	1	13
1986	05	21	FR	GT	8	1	F	MX	4	1995	1566	0	0	1	58
1986	06	01	FR	CA	1	0	WC	MX	7	2002	1641	0	−3	1	39
1986	06	05	FR	SU	1	1	WC	MX	-1	2001	1996	0	0	1	2
1986	06	09	FR	HU	3	0	WC	MX	32	2033	1826	0	−8	1	19
1986	06	17	FR	IT	2	0	WC	MX	28	2061	1865	0	−2	1	11
1986	06	21	BR	FR	1	1	WC	MX	4	2017	2057	0	0	2	1
1986	06	25	WG	FR	2	0	WC	MX	61	1993	1996	+4	−2	4	3
1986	06	28	FR	BE	4	2	WC	MX	26	2022	1816	+2	−4	1	18
1986	08	19	CH	FR	2	0	F		23	1751	1999	+1	−1	30	3
1986	09	10	IS	FR	0	0	EQ		17	1480	1982	+2	0	76	3
1986	10	11	FR	SU	0	2	EQ		-41	1941	1985	−3	+4	7	3
1986	11	19	DD	FR	0	0	EQ		0	1835	1941	0	0	14	7
1987	04	29	FR	IS	2	0	EQ		3	1944	1510	0	0	7	71
1987	06	16	NO	FR	2	0	EQ		42	1739	1902	+7	−3	28	10
1987	08	12	WG	FR	2	1	F		6	1965	1896	0	−1	3	10
1987	09	09	SU	FR	1	1	EQ		-10	1988	1906	0	+2	1	8
1987	10	14	FR	NO	1	1	EQ		-15	1891	1694	−4	+3	11	33
1987	11	18	FR	DD	0	1	EQ		-28	1863	1863	−1	+6	11	11
1988	01	27	IL	FR	1	1	F		5	1565	1858	0	−1	59	13
1988	02	02	FR	CH	2	1	FT		7	1865	1736	+1	0	12	30
1988	02	05	FR	MA	2	1	FT	MC	8	1873	1679	+1	−1	12	34
1988	03	23	FR	ES	2	1	F		9	1882	1931	0	−1	12	7
1988	04	27	EI	FR	0	0	F		2	1703	1880	0	−1	33	11
1988	08	24	FR	CS	1	1	F		-4	1876	1845	0	+1	9	14
1988	09	28	FR	NO	1	0	WQ		6	1882	1661	0	−1	8	39
1988	10	22	CY	FR	1	1	WQ		18	1286	1864	+6	−4	112	12
1988	11	19	YU	FR	3	2	WQ		14	1887	1850	+3	0	8	12
1989	02	07	IE	FR	0	0	F		-2	1834	1852	0	0	16	13
1989	03	08	SQ	FR	2	0	WQ		26	1825	1826	+4	−4	18	17
1989	04	29	FR	YU	0	0	WQ		-1	1825	1901	−1	+1	19	8
1989	08	16	SE	FR	2	4	F		-24	1935	1849	0	+2	6	16
1989	09	05	NO	FR	1	1	WQ		6	1654	1843	0	0	40	17
1989	10	11	FR	SQ	3	0	WQ		21	1864	1780	+1	−1	16	21
1989	11	18	FR	CY	2	0	WQ		1	1865	1270	0	0	16	116
1990	01	21	KW	FR	0	1	FT		-5	1498	1870	0	0	68	16
1990	01	24	FR	DD	3	0	FT	KW	17	1887	1721	+1	−3	15	30
1990	02	28	FR	WG	2	1	F		10	1897	1991	+2	0	12	3
1990	03	28	HU	FR	1	3	F		-13	1729	1910	−3	0	31	11
1990	08	15	FR	PL	0	0	F		-6	1904	1797	0	0	8	19
1990	09	05	IS	FR	1	2	EQ		-8	1560	1912	−2	0	56	8
1990	10	13	FR	CS	2	1	EQ		13	1925	1867	0	−3	8	15
1990	11	17	AL	FR	0	1	EQ		-3	1402	1928	−1	0	89	8
1991	02	20	FR	ES	3	1	EQ		22	1950	1909	+2	−1	6	8
1991	03	30	FR	AL	5	0	EQ		2	1952	1397	+1	−1	5	87
1991	08	14	PL	FR	1	5	F		-15	1771	1967	−1	+1	23	5
1991	09	04	CS	FR	1	2	EQ		-23	1895	1990	0	+1	10	4
1991	10	12	ES	FR	1	2	EQ		-16	1807	2006	0	+1	18	2
1991	11	20	FR	IS	3	1	EQ		3	2009	1593	0	0	2	52
1992	02	19	EN	FR	2	0	F		12	2000	1997	+1	−1	2	3
1992	03	25	FR	BE	3	3	F		-7	1990	1812	0	+1	3	18
1992	05	27	CH	FR	2	1	F		14	1771	1976	+3	−2	25	5
1992	06	05	FR	NL	1	1	F		-3	1973	1966	0	0	5	6
1992	06	10	SE	FR	1	1	EC		3	1831	1970	+2	0	16	5
1992	06	14	EN	FR	0	0	EC	SE	-2	1994	1972	0	0	2	6
1992	06	17	DK	FR	2	1	EC	SE	33	1892	1939	+2	−1	10	7
1992	08	26	FR	BR	0	2	F		-17	1922	2001	−1	+2	9	2
1992	09	09	BG	FR	2	0	WQ		34	1809	1888	+6	0	19	9
1992	10	14	FR	AT	2	0	WQ		6	1894	1607	0	−1	9	53
1992	11	14	FR	FI	2	1	WQ		3	1897	1575	0	0	10	60
1993	02	17	IL	FR	0	4	WQ		-16	1557	1913	−2	+2	63	8
1993	03	27	AT	FR	0	1	WQ		-11	1641	1924	−5	+1	45	8
1993	04	28	FR	SE	2	1	WQ		14	1938	1898	+2	0	7	10
1993	07	28	FR	RU	3	1	F		8	1946	1863	+1	0	5	14
1993	08	22	SE	FR	1	1	WQ		-3	1891	1949	0	0	9	5
1993	09	08	FI	FR	0	2	WQ		-8	1518	1957	−1	0	71	4
1993	10	13	FR	IL	2	3	WQ		-38	1919	1610	−4	+6	8	56
1993	11	17	FR	BG	1	2	WQ		-33	1886	1789	−3	+1	11	24
1994	02	16	IT	FR	0	1	F		-15	1985	1901	−1	+1	3	9
1994	03	22	FR	CL	3	1	F		6	1907	1739	0	−1	9	28
1994	05	26	FR	AU	1	0	KRN	JP	8	1915	1714	0	0	8	29
1994	05	29	JP	FR	1	4	KRN		-14	1631	1929	−2	0	48	8
1994	08	17	FR	CZ	2	2	F		-4	1925	1868	−1	0	8	14
1994	09	07	SK	FR	0	0	EQ		9	1673	1916	+3	0	35	8
1994	10	08	FR	RO	0	0	EQ		-6	1910	1909	−1	0	9	10
1994	11	16	PL	FR	0	0	EQ		7	1686	1903	+4	−1	31	11
1994	12	13	FR	AZ	2	0	EQ	TR	5	1908	1479	+1	−1	10	83
1995	01	18	NL	FR	0	1	F		-14	1943	1922	−2	+2	7	8
1995	03	29	IL	FR	0	0	EQ		11	1626	1911	+2	0	47	8
1995	04	26	FR	SK	4	0	EQ		10	1921	1680	+1	−1	7	33
1995	07	22	NO	FR	0	0	F		-2	1881	1923	0	0	10	6
1995	08	16	FR	PL	1	1	EQ		-13	1910	1761	0	+1	6	28
1995	09	06	FR	AZ	10	0	EQ		4	1914	1448	0	+1	6	93
1995	10	11	RO	FR	1	3	EQ		-38	1870	1952	−5	+1	13	6
1995	11	15	FR	IL	2	0	EQ		5	1957	1643	0	−1	6	42
1996	01	24	FR	PT	3	2	F		5	1962	1860	0	0	6	15
1996	02	21	FR	GR	3	1	F		2	1964	1603	0	0	6	52
1996	03	27	BE	FR	0	2	F		-11	1766	1975	0	+1	25	5
1996	05	29	FR	FI	2	0	F		1	1976	1501	0	0	5	76
1996	06	01	DE	FR	0	1	F		-15	2035	1991	0	+2	2	3
1996	06	05	FR	AM	2	0	F		0	1991	1279	0	0	3	135
1996	06	10	FR	RO	1	0	EC	EN	18	2009	1877	0	−1	3	12
1996	06	15	FR	ES	1	1	EC	EN	-2	2007	1981	0	0	3	4
1996	06	18	FR	BG	3	1	EC	EN	24	2031	1849	0	−2	3	17
1996	06	22	FR	NL	0	0	EC	EN	-9	2022	1906	0	0	3	12
1996	06	26	CZ	FR	0	0	EC	EN	6	1947	2016	0	0	6	3
1996	08	31	FR	MX	2	0	F		5	2021	1848	0	−1	3	17
1996	10	09	FR	TR	4	0	F		3	2024	1696	0	0	3	33
1996	11	09	DK	FR	1	0	F		9	1971	2015	0	0	6	3
1997	01	22	PT	FR	0	2	F		-14	1874	2029	−1	+1	14	3
1997	02	26	FR	NL	2	1	F		6	2035	1955	0	0	3	7
1997	04	02	FR	SE	1	0	F		3	2038	1823	0	+1	3	18
1997	06	03	FR	BR	1	1	FT		-3	2035	2061	0	0	3	2
1997	06	07	FR	EN	0	1	FT		-21	2014	2009	−1	0	4	5
1997	06	11	FR	IT	2	2	FT		-6	2008	1983	0	+1	4	6
1997	10	11	FR	ZA	2	1	F		2	2010	1721	0	−1	4	35
1997	11	12	FR	SQ	2	1	F		3	2013	1792	0	0	4	20
1998	01	28	FR	ES	1	0	F		8	2021	2033	0	0	4	3
1998	02	25	FR	NO	3	3	F		-6	2015	1863	0	0	4	15
1998	03	25	RU	FR	1	0	F		11	1883	2004	0	0	11	4
1998	04	22	SE	FR	0	0	F		3	1807	2001	+1	0	18	4
1998	05	27	FR	BE	1	0	KHC	MA	7	2008	1799	0	−1	4	20
1998	05	29	MA	FR	2	2	KHC		8	1725	2000	+1	0	33	4
1998	06	05	FI	FR	0	1	F		-2	1538	2002	0	0	68	4
1998	06	12	FR	ZA	3	0	WC		7	2009	1630	0	−2	4	52
1998	06	18	FR	SA	4	0	WC		7	2016	1625	0	−3	3	51
1998	06	24	FR	DK	2	1	WC		12	2028	1863	0	0	3	16
1998	06	28	FR	PY	1	0	WC		8	2036	1805	0	0	3	20
1998	07	03	FR	IT	0	0	WC		-11	2025	2016	0	0	3	4
1998	07	08	FR	HR	2	1	WC		19	2044	1972	+1	0	2	7
1998	07	12	FR	BR	3	0	WC		45	2089	2046	+1	−1	1	2
1998	08	19	AT	FR	2	2	F		7	1708	2082	+2	0	32	1
1998	09	05	IS	FR	1	1	EQ		18	1508	2064	+4	0	74	1
1998	10	10	RU	FR	2	3	EQ		-12	1815	2076	−1	0	19	1
1998	10	14	FR	AD	2	0	EQ		0	2076	1056	0	−1	1	181
1999	01	20	FR	MA	1	0	F		2	2078	1775	0	0	1	21
1999	02	10	EN	FR	0	2	F		-14	1932	2092	−3	0	10	1
1999	03	27	FR	UA	0	0	EQ		-17	2075	1745	0	+2	1	30
1999	03	31	FR	AM	2	0	EQ		1	2076	1368	0	0	1	115
1999	06	05	FR	RU	2	3	EQ		-36	2040	1819	0	+2	1	17
1999	06	09	FR	AD	1	0	EQ	ES	0	2040	1052	0	0	2	182
1999	08	18	EI	FR	0	1	F		-2	1574	2042	−1	0	62	2
1999	09	04	UA	FR	0	0	EQ		11	1726	2031	+1	0	33	2
1999	09	08	AM	FR	2	3	EQ		-1	1354	2032	−1	0	116	2
1999	10	09	FR	IS	3	2	EQ		1	2033	1557	0	−1	2	65
1999	11	13	FR	HR	3	0	F		8	2041	1915	0	−2	2	10
2000	02	23	FR	PL	1	0	F		2	2043	1738	0	+1	2	28
2000	03	29	SQ	FR	0	2	F		-7	1721	2050	−4	0	34	2
2000	04	26	FR	SI	3	2	F		1	2051	1619	0	0	2	54
2000	05	28	HR	FR	0	2	F		-14	1904	2065	−3	0	12	2
2000	06	04	FR	JP	2	2	KHC	MA	-13	2052	1627	0	+3	2	54
2000	06	06	MA	FR	1	5	KHC		-13	1722	2065	−7	0	37	2
2000	06	11	FR	DK	3	0	EC	BE	17	2082	1807	0	−3	2	21
2000	06	16	FR	CZ	2	1	EC	BE	15	2097	1912	+1	−1	1	10
2000	06	21	NL	FR	3	2	EC		25	2019	2072	+1	−1	3	2
2000	06	25	FR	ES	2	1	EC	BE	21	2093	1994	0	−1	2	6
2000	06	28	FR	PT	2	1	EC	BE	19	2112	1985	+1	−1	1	6
2000	07	02	FR	IT	2	1	EC	NL	19	2131	2010	0	0	1	4
2000	09	02	FR	EN	1	1	F		-8	2123	1892	0	0	1	11
2000	10	04	FR	CM	1	1	F		-9	2114	1719	0	0	1	34
2000	10	07	ZA	FR	0	0	NMC		12	1662	2102	+4	0	47	1
2000	11	15	TR	FR	0	4	F		-8	1754	2110	−4	0	30	1
2001	02	27	FR	DE	1	0	F		3	2113	1879	0	0	1	11
2001	03	24	FR	JP	5	0	F		3	2116	1792	0	−1	1	22
2001	03	28	ES	FR	2	1	F		12	1956	2104	0	0	7	1
2001	04	25	FR	PT	4	0	F		9	2113	2002	0	0	1	4
2001	05	30	KR	FR	0	5	CC		-22	1772	2135	−4	0	25	1
2001	06	01	AU	FR	1	0	CC	KR	43	1857	2092	+6	0	13	1
2001	06	03	FR	MX	4	0	CC	KR	10	2102	1712	0	−1	1	35
2001	06	07	FR	BR	2	1	CC	KR	16	2118	1951	0	−1	1	7
2001	06	10	JP	FR	0	1	CC		-13	1831	2131	−2	0	20	1
2001	08	15	FR	DK	1	0	F		2	2133	1821	0	0	1	20
2001	09	01	CL	FR	2	1	F		18	1663	2115	+3	0	49	1
2001	10	06	FR	DZ	4	1	F		1	2116	1515	0	+1	1	72
2001	11	11	AU	FR	1	1	F		5	1846	2111	+1	0	14	1
2002	02	13	FR	RO	2	1	F		2	2113	1814	0	0	1	22
2002	03	27	FR	SQ	5	0	F		2	2115	1732	0	−2	1	34
2002	04	17	FR	RU	0	0	F		-8	2107	1819	0	+2	1	21
2002	05	18	FR	BE	1	2	F		-18	2089	1829	0	+2	1	19
2002	05	26	KR	FR	2	3	F		-4	1734	2093	−1	0	35	1
2002	05	31	SN	FR	1	0	WC	KR	54	1752	2039	+7	0	32	1
2002	06	06	FR	UY	0	0	WC	KR	-19	2020	1804	−2	+2	3	24
2002	06	11	DK	FR	2	0	WC	KR	63	1939	1957	+5	−6	8	7
2002	08	21	TN	FR	1	1	F		6	1609	1951	0	0	53	7
2002	09	07	CY	FR	1	2	EQ		-5	1497	1956	−3	0	76	7
2002	10	12	FR	SI	5	0	EQ		8	1964	1659	0	0	6	46
2002	10	16	MT	FR	0	4	EQ		-2	1245	1966	0	+1	145	5
2002	11	20	FR	YU	3	0	F		7	1973	1813	0	−1	5	18
2003	02	12	FR	CZ	0	2	F		-23	1950	1889	0	+2	5	10
2003	03	29	FR	MT	6	0	EQ		1	1951	1242	0	0	5	147
2003	04	02	FR	IL	2	1	EQ	IT	7	1958	1668	0	−1	5	44
2003	04	30	FR	EG	5	0	F		3	1961	1609	0	−1	5	56
2003	06	18	FR	CO	1	0	CC		12	1973	1844	0	0	4	14
2003	06	20	FR	JP	2	1	CC		8	1981	1789	0	0	4	21
2003	06	22	FR	NZ	5	0	CC		4	1985	1532	0	−1	4	70
2003	06	26	FR	TR	3	2	CC		11	1996	1864	0	0	4	13
2003	06	29	FR	CM	1	0	CC		10	2006	1839	+1	−1	3	15
2003	08	20	CH	FR	0	2	F		-8	1713	2014	−1	0	36	3
2003	09	06	FR	CY	5	0	EQ		2	2016	1460	0	−1	3	88
2003	09	10	SI	FR	0	2	EQ		-13	1678	2029	−2	+2	42	1
2003	10	11	FR	IL	3	0	EQ		4	2033	1651	0	−4	1	50
2003	11	15	DE	FR	0	3	F		-16	1879	2049	0	0	10	1
2004	02	18	BE	FR	0	2	F		-9	1793	2058	−3	0	22	1
2004	03	31	NL	FR	0	0	F		-1	1994	2059	0	0	4	1
2004	05	20	FR	BR	0	0	F		-5	2054	1993	0	0	1	5
2004	05	28	FR	AD	4	0	F		0	2054	1060	0	0	1	181
2004	06	06	FR	UA	1	0	F		1	2055	1642	0	0	1	52
2004	06	13	FR	EN	2	1	EC	PT	17	2072	1921	0	0	1	8
2004	06	17	HR	FR	2	2	EC	PT	15	1843	2057	+1	0	18	1
2004	06	21	FR	CH	3	1	EC	PT	8	2065	1687	0	−2	1	40
2004	06	25	GR	FR	1	0	EC	PT	40	1856	2025	+6	0	12	1
2004	08	18	FR	BA	1	1	F		-9	2016	1608	−1	0	2	60
2004	09	04	FR	IL	0	0	WQ		-17	1999	1672	−1	+5	3	41
2004	09	08	FO	FR	0	2	WQ		-1	1241	2000	0	0	144	3
2004	10	09	FR	IE	0	0	WQ		-13	1987	1853	0	+3	3	15
2004	10	13	CY	FR	0	2	WQ		-5	1452	1992	−1	0	93	3
2004	11	17	FR	PL	0	0	F		-7	1985	1801	+1	+4	2	22
2005	02	09	FR	SE	1	1	F		-6	1979	1875	−1	0	3	13
2005	03	26	FR	CH	0	0	WQ		-16	1963	1713	−4	+2	7	35
2005	03	30	IL	FR	1	1	WQ		9	1701	1954	+1	0	39	7
2005	05	31	FR	HU	2	1	F		1	1955	1595	0	0	7	63
2005	08	17	FR	CI	3	0	F		4	1959	1688	0	0	6	42
2005	09	03	FR	FO	3	0	WQ		1	1960	1219	+2	0	4	149
2005	09	07	IE	FR	0	1	WQ		-19	1825	1979	−3	+1	19	3
2005	10	08	CH	FR	1	1	WQ		7	1763	1972	−1	0	30	3
2005	10	12	FR	CY	4	0	WQ		2	1974	1451	0	−1	3	94
2005	11	09	FR	CR	3	2	F	MQ	4	1978	1733	0	0	3	35
2005	11	12	FR	DE	0	0	F		-5	1973	1891	0	+1	3	11
2006	03	01	FR	SK	1	2	F		-18	1955	1701	−3	+2	6	42
2006	05	27	FR	MX	1	0	F		5	1960	1843	+1	−1	5	15
2006	05	31	FR	DK	2	0	F		8	1968	1886	0	−1	5	11
2006	06	07	FR	CN	3	1	F		2	1970	1604	0	−1	5	58
2006	06	13	FR	CH	0	0	WC	DE	-14	1956	1813	−1	+2	6	19
2006	06	18	FR	KR	1	1	WC	DE	-16	1940	1770	−2	+3	8	27
2006	06	23	FR	TG	2	0	WC	DE	6	1946	1460	+1	−2	8	96
2006	06	27	FR	ES	3	1	WC	DE	53	1999	1958	+5	−7	4	9
2006	07	01	FR	BR	1	0	WC	DE	38	2037	2059	+3	0	2	1
2006	07	05	FR	PT	1	0	WC	DE	27	2064	1979	+1	−3	2	7
2006	07	09	FR	IT	1	1	WC	DE	1	2065	2077	0	0	2	1
2006	08	16	BA	FR	1	2	F		-2	1621	2067	+2	+1	53	1
2006	09	02	GE	FR	0	3	EQ		-5	1513	2072	−3	0	81	1
2006	09	06	FR	IT	3	1	EQ		18	2090	2013	0	0	1	3
2006	10	07	SQ	FR	1	0	EQ		33	1756	2057	+9	−1	30	2
2006	10	11	FR	FO	5	0	EQ		0	2057	1179	0	0	2	166
2006	11	15	FR	GR	1	0	F		3	2060	1837	0	0	2	17
2007	02	07	FR	AR	0	1	F		-15	2045	1994	−1	+1	2	4
2007	03	24	LT	FR	0	1	EQ		-3	1489	2048	−1	0	88	2
2007	03	28	FR	AT	1	0	F		1	2049	1622	0	0	2	54
2007	06	02	FR	UA	2	0	EQ		7	2056	1802	0	−1	2	20
2007	06	06	FR	GE	1	0	EQ		1	2057	1523	0	0	2	80
2007	08	22	SK	FR	0	1	F		-4	1718	2061	−2	0	41	2
2007	09	08	IT	FR	0	0	EQ		-2	2002	2063	−1	0	5	2
2007	09	12	FR	SQ	0	1	EQ		-36	2027	1796	0	+9	2	20
2007	10	13	FO	FR	0	6	EQ		-1	1163	2028	0	0	166	2
2007	10	17	FR	LT	2	0	EQ		2	2030	1496	0	−2	3	83
2007	11	16	FR	MA	2	2	F		-9	2021	1668	0	+4	3	43
2007	11	21	UA	FR	2	2	EQ		10	1729	2011	+2	−1	37	4
2008	02	06	ES	FR	1	0	F		8	1972	2003	0	0	5	4
2008	03	26	FR	EN	1	0	F		5	2008	1909	0	−1	4	9
2008	05	27	FR	EC	2	0	F		2	2010	1677	0	0	4	42
2008	05	31	FR	PY	0	0	F		-7	2003	1805	0	+1	4	20
2008	06	03	FR	CO	1	0	F		3	2006	1817	0	0	4	17
2008	06	09	FR	RO	0	0	EC	CH	-7	1999	1915	0	0	4	10
2008	06	13	NL	FR	4	1	EC	CH	41	2063	1958	+2	−1	1	6
2008	06	17	IT	FR	2	0	EC	CH	36	2012	1922	0	−2	5	8
2008	08	20	SE	FR	2	3	F		-9	1764	1931	0	+1	27	7
2008	09	06	AT	FR	3	1	WQ		48	1638	1883	+8	−3	51	10
2008	09	10	FR	RS	2	1	WQ		8	1891	1722	+1	−4	9	38
2008	10	11	RO	FR	2	2	WQ		-3	1832	1894	−2	+1	18	8
2008	10	14	FR	TN	3	1	F		3	1897	1610	0	0	8	55
2008	11	19	FR	UY	0	0	F		-5	1892	1832	0	+2	8	15
2009	02	11	FR	AR	0	2	F		-16	1876	1990	−2	+2	10	4
2009	03	28	LT	FR	0	1	WQ		-12	1622	1888	0	+1	53	9
2009	04	01	FR	LT	1	0	WQ		4	1892	1618	0	−3	9	56
2009	06	02	FR	NG	0	1	F		-16	1876	1742	−1	+6	10	30
2009	06	05	FR	TR	1	0	F		6	1882	1805	0	−1	10	16
2009	08	12	FO	FR	0	1	WQ		-1	1183	1883	0	0	160	10
2009	09	05	FR	RO	1	1	WQ		-10	1873	1803	−1	+3	11	19
2009	09	09	RS	FR	1	1	WQ		-3	1823	1876	0	+1	16	10
2009	10	10	FR	FO	5	0	WQ		1	1877	1213	0	−1	10	155
2009	10	14	FR	AT	3	1	WQ		6	1883	1591	0	−2	10	60
2009	11	14	IE	FR	0	1	WQ		-19	1755	1902	−7	+3	30	7
2009	11	18	FR	IE	1	1	WQ		-12	1890	1767	−1	+3	8	27
2010	03	03	FR	ES	0	2	F		-11	1879	2105	−2	0	11	2
2010	05	26	FR	CR	2	1	F		3	1882	1696	0	0	10	41
2010	05	30	TN	FR	1	1	F		5	1613	1877	+1	−1	53	11
2010	06	04	CN	FR	1	0	F	RE	16	1638	1861	+1	−1	51	12
2010	06	11	FR	UY	0	0	WC	ZA	-1	1860	1846	0	0	12	14
2010	06	17	MX	FR	2	0	WC	ZA	42	1924	1818	+3	−2	7	15
2010	06	22	ZA	FR	2	1	WC		42	1617	1776	+13	−7	54	23
2010	08	11	NO	FR	2	1	F		8	1757	1768	+2	−1	27	23
2010	09	03	FR	BY	0	1	EQ		-32	1736	1650	−8	+7	31	48
2010	09	07	BA	FR	0	2	EQ		-30	1611	1766	−5	+6	56	25
2010	10	09	FR	RO	2	0	EQ		19	1785	1708	+4	−4	20	36
2010	10	12	FR	LU	2	0	EQ		1	1786	1106	+1	0	18	175
2010	11	17	EN	FR	1	2	F		-16	1923	1802	0	+1	6	17
2011	02	09	FR	BR	1	0	F		15	1817	2080	+3	0	15	3
2011	03	25	LU	FR	0	2	EQ		-2	1129	1819	0	0	172	15
2011	03	29	FR	HR	0	0	F		-1	1818	1884	0	0	15	9
2011	06	03	BY	FR	1	1	EQ		5	1630	1813	+2	0	54	15
2011	06	06	UA	FR	1	4	F		-21	1771	1834	−4	+2	23	14
2011	06	09	PL	FR	0	1	F		-9	1681	1843	0	0	42	14
2011	08	10	FR	CL	1	1	F		-1	1842	1904	0	0	14	8
2011	09	02	AL	FR	1	2	EQ		-9	1527	1851	−2	+1	79	13
2011	09	06	RO	FR	0	0	EQ		2	1712	1849	0	0	37	13
2011	10	07	FR	AL	3	0	EQ		5	1854	1488	0	+1	13	90
2011	10	11	FR	BA	1	1	EQ		-13	1841	1701	−2	+3	15	39
2011	11	11	FR	US	1	0	F		4	1845	1703	+1	0	14	38
2011	11	15	FR	BE	0	0	F		-6	1839	1683	0	+1	14	42
2012	02	29	DE	FR	1	2	F		-18	2064	1857	−2	+1	4	13
2012	05	27	FR	IS	3	2	F		1	1858	1435	−1	0	14	102
2012	05	31	FR	RS	2	0	F		6	1864	1714	0	−1	14	36
2012	06	05	FR	EE	4	0	F		3	1867	1521	+1	−1	12	83
2012	06	11	EN	FR	1	1	EC	UA	-6	1948	1873	0	+1	7	12
2012	06	15	UA	FR	0	2	EC		-39	1744	1912	−8	+4	31	9
2012	06	19	SE	FR	2	0	EC	UA	45	1888	1867	+3	−5	12	14
2012	06	23	ES	FR	2	0	EC	UA	13	2145	1854	0	0	1	14
2012	08	15	FR	UY	0	0	F		1	1855	1975	0	−1	14	6
2012	09	07	FI	FR	0	1	WQ		-13	1610	1868	−5	+1	59	13
2012	09	11	FR	BY	3	1	WQ		6	1874	1565	0	−1	13	68
2012	10	12	FR	JP	0	1	F		-15	1859	1815	−2	+3	15	18
2012	10	16	ES	FR	1	1	WQ		-16	2144	1875	0	+1	1	14
2012	11	14	IT	FR	1	2	F		-14	1910	1889	−1	+2	8	12
2013	02	06	FR	DE	1	2	F		-8	1881	2060	−2	+1	14	2
2013	03	22	FR	GE	3	1	WQ		4	1885	1517	+2	−3	12	83
2013	03	26	FR	ES	0	1	WQ		-12	1873	2146	−3	0	15	1
2013	06	05	UY	FR	1	0	F		9	1822	1864	+1	0	18	15
2013	06	09	BR	FR	3	0	F		6	2042	1858	0	0	3	13
2013	08	14	BE	FR	0	0	F		-2	1835	1860	0	0	18	13
2013	09	06	GE	FR	0	0	WQ		13	1511	1847	+1	−2	86	15
2013	09	10	BY	FR	2	4	WQ		-18	1583	1865	−2	+1	61	14
2013	10	11	FR	AU	6	0	F		8	1873	1712	0	−3	14	36
2013	10	15	FR	FI	3	0	WQ		11	1884	1672	+2	−3	12	45
2013	11	15	UA	FR	2	0	WQ		27	1845	1857	+3	−1	17	13
2013	11	19	FR	UA	3	0	WQ		24	1881	1821	+1	−3	12	20
2014	03	05	FR	NL	2	0	F		16	1897	1987	0	0	12	5
2014	05	27	FR	NO	4	0	F		4	1901	1614	0	0	12	56
2014	06	01	FR	PY	1	1	F		-7	1894	1708	−1	+2	12	35
2014	06	08	FR	JM	8	0	F		3	1897	1521	0	0	11	77
2014	06	15	FR	HN	3	0	WC	BR	22	1919	1646	0	−2	10	48
2014	06	20	FR	CH	5	2	WC	BR	47	1966	1835	+1	−6	8	18
2014	06	25	EC	FR	0	0	WC	BR	12	1837	1954	+1	−1	18	8
2014	06	30	FR	NG	2	0	WC	BR	21	1975	1729	0	−2	8	31
2014	07	04	DE	FR	1	0	WC	BR	19	2122	1956	+1	0	1	8
2014	09	04	FR	ES	1	0	F		8	1964	1983	0	0	8	5
2014	09	07	RS	FR	1	1	F		3	1768	1961	0	0	25	8
2014	10	11	FR	PT	2	1	F		5	1966	1875	0	0	7	14
2014	10	14	AM	FR	0	3	F		-5	1552	1971	−5	0	73	7
2014	11	14	FR	AL	1	1	F		-9	1962	1578	0	+2	7	64
2014	11	18	FR	SE	1	0	F		3	1965	1783	+1	−1	6	23
2015	03	26	FR	BR	1	3	F		-16	1949	2057	0	+1	7	2
2015	03	29	FR	DK	2	0	F		5	1954	1758	0	−1	7	26
2015	06	07	FR	BE	3	4	F		-14	1940	1926	−1	+2	7	9
2015	06	13	AL	FR	1	0	F		16	1605	1924	+4	0	58	8
2015	09	04	PT	FR	0	1	F		-12	1893	1936	0	+1	11	8
2015	09	07	FR	RS	2	1	F		3	1939	1712	0	−2	7	39
2015	10	08	FR	AM	4	0	F		2	1941	1524	0	−2	8	77
2015	10	11	DK	FR	1	2	F		-7	1745	1948	−1	0	28	8
2015	11	13	FR	DE	2	0	F		17	1965	2068	+1	0	7	1
2015	11	17	EN	FR	2	0	F		12	1958	1953	+2	−1	6	8
2016	03	25	NL	FR	2	3	F		-11	1886	1964	0	+2	14	5
2016	03	29	FR	RU	4	2	F		5	1969	1769	0	0	6	25
2016	05	30	FR	CM	3	2	F		1	1970	1604	0	0	6	58
2016	06	04	FR	SQ	3	0	F		4	1974	1710	0	0	6	40
2016	06	10	FR	RO	2	1	EC		7	1981	1752	0	−4	7	32
2016	06	15	FR	AL	2	0	EC		4	1985	1596	0	0	4	58
2016	06	19	FR	CH	0	0	EC		-18	1967	1801	−1	+3	6	19
2016	06	26	FR	IE	2	1	EC		8	1975	1758	0	−1	6	25
2016	07	03	FR	IS	5	2	EC		12	1987	1742	+1	−3	4	31
2016	07	07	FR	DE	2	0	EC		33	2020	2015	+1	−2	3	4
2016	07	10	FR	PT	0	1	EC		-38	1982	1958	−1	+4	4	6
2016	09	01	IT	FR	1	3	F		-18	1931	2000	−1	−1	9	5
2016	09	06	BY	FR	0	0	WQ		14	1612	1986	+3	0	57	5
2016	10	07	FR	BG	4	1	WQ		4	1990	1583	0	0	4	62
2016	10	10	NL	FR	0	1	WQ		-21	1888	2011	−2	0	14	4
2016	11	11	FR	SE	2	1	WQ		5	2016	1749	0	−2	4	31
2016	11	15	FR	CI	0	0	F		-8	2008	1725	0	+2	4	34
2017	03	25	LU	FR	1	3	WQ		-1	1242	2009	−1	0	151	4
2017	03	28	FR	ES	0	2	F		-20	1989	2003	−1	+1	5	4
2017	06	02	FR	PY	5	0	F		4	1993	1716	0	−1	5	35
2017	06	09	SE	FR	2	1	WQ		26	1811	1967	+2	−2	19	7
2017	06	13	FR	EN	3	2	F		6	1973	1910	+2	0	5	11
2017	08	31	FR	NL	4	0	WQ		16	1989	1832	+1	−2	5	18
2017	09	03	FR	LU	0	0	WQ		-20	1969	1298	−1	+9	6	130
2017	10	07	BG	FR	0	1	WQ		-8	1621	1977	−3	0	56	6
2017	10	10	FR	BY	2	1	WQ		1	1978	1508	0	0	6	79
2017	11	10	FR	WA	2	0	F		4	1982	1769	0	−2	6	25
2017	11	14	DE	FR	2	2	F		-6	2108	1988	0	+1	2	5
2018	03	23	FR	CO	2	3	F		-14	1974	1940	−1	+1	6	8
2018	03	27	RU	FR	1	3	F		-8	1683	1982	−1	0	46	5
2018	05	28	FR	IE	2	0	F		3	1985	1720	+1	−2	4	38
2018	06	01	FR	IT	3	1	F		8	1993	1892	0	0	4	12
2018	06	09	FR	US	1	1	F		-7	1986	1762	0	0	4	25
2018	06	16	FR	AU	2	1	WC	RU	12	1998	1731	0	−3	4	34
2018	06	21	FR	PE	1	0	WC	RU	20	2018	1860	0	−3	4	18
2018	06	26	DK	FR	0	0	WC	RU	12	1888	2006	−1	0	17	4
2018	06	30	FR	AR	4	3	WC	RU	22	2028	1895	+1	−2	2	13
2018	07	06	FR	UY	2	0	WC	RU	39	2067	1944	0	−2	2	7
2018	07	10	FR	BE	1	0	WC	RU	29	2096	2021	0	0	2	3
2018	07	15	FR	HR	4	2	WC	RU	29	2125	1942	+1	−2	1	7
2018	09	06	DE	FR	0	0	ENA		4	1967	2121	0	0	5	1
2018	09	09	FR	NL	2	1	ENA		6	2127	1908	0	0	1	10
2018	10	11	FR	IS	2	2	F		-9	2118	1690	−1	+1	2	43
2018	10	16	FR	DE	2	1	ENA		7	2125	1934	0	−1	2	9
2018	11	16	NL	FR	2	0	ENA		37	1982	2088	+2	0	5	2
2018	11	20	FR	UY	1	0	F		4	2092	1921	0	−1	2	11
2019	03	22	MD	FR	1	4	EQ		-1	1312	2093	−1	0	133	2
2019	03	25	FR	IS	4	0	EQ		4	2097	1667	0	0	2	46
2019	06	02	FR	BO	2	0	F		1	2098	1637	0	−1	2	51
2019	06	08	TR	FR	2	0	EQ		49	1779	2049	+11	0	25	2
2019	06	11	AD	FR	0	4	EQ		0	1065	2049	0	0	185	2
2019	09	07	FR	AL	4	1	EQ		2	2051	1501	0	−2	2	82
2019	09	10	FR	AD	3	0	EQ		0	2051	1065	0	0	3	183
2019	10	11	IS	FR	0	1	EQ		-6	1654	2057	−1	0	49	3
2019	10	14	FR	TR	1	1	EQ		-16	2041	1788	0	+2	3	25
2019	11	14	FR	MD	2	1	EQ		0	2041	1244	0	+1	3	146
2019	11	17	AL	FR	0	2	EQ		-5	1531	2046	−1	0	71	3
2020	09	05	SE	FR	0	1	ENA		-15	1848	2061	0	0	19	3
2020	09	08	FR	HR	4	2	ENA		11	2072	1890	0	−1	3	14
2020	10	07	FR	UA	7	1	F		6	2078	1852	0	0	3	18
2020	10	11	FR	PT	0	0	ENA		-8	2070	2036	0	0	3	5
2020	10	14	HR	FR	1	2	ENA		-17	1897	2087	−2	+1	15	2
2020	11	11	FR	FI	0	2	F		-28	2059	1708	−1	+3	3	40
2020	11	14	PT	FR	0	1	ENA		-25	2021	2084	−1	0	5	3
2020	11	17	FR	SE	4	2	ENA		7	2091	1820	0	0	3	20
2021	03	24	FR	UA	1	1	WQ		-15	2076	1849	0	+1	3	16
2021	03	28	KZ	FR	0	2	WQ		-1	1332	2077	−1	0	125	3
2021	03	31	BA	FR	0	1	WQ		-5	1635	2082	−2	0	51	3
2021	06	02	FR	WA	3	0	F		4	2086	1840	0	0	3	17
2021	06	08	FR	BG	3	0	F		1	2087	1499	0	0	3	78
2021	06	15	DE	FR	0	1	EC		-21	1914	2108	−2	0	13	3
2021	06	19	HU	FR	1	1	EC		17	1736	2091	+1	0	38	3
2021	06	23	FR	PT	2	2	EC	HU	-5	2086	2023	0	0	3	5
2021	06	28	FR	CH	3	3	EC	RO	-13	2073	1906	0	+1	3	13
2021	09	01	FR	BA	1	1	WQ		-18	2055	1646	−1	+4	5	47
2021	09	04	UA	FR	1	1	WQ		9	1789	2046	+3	−1	25	6
2021	09	07	FR	FI	2	0	WQ		4	2050	1703	0	0	6	40
2021	10	07	FR	BE	3	2	ENL	IT	31	2081	2104	+1	−1	3	2
2021	10	10	FR	ES	2	1	ENL	IT	22	2103	2023	+1	−2	2	7
2021	11	13	FR	KZ	8	0	WQ		1	2104	1344	+1	+2	2	116
2021	11	16	FI	FR	0	2	WQ		-10	1721	2114	−5	0	40	2
2022	03	25	FR	CI	2	1	F		1	2115	1684	0	0	3	46
2022	03	29	FR	ZA	5	0	F		1	2116	1542	+1	−2	2	72
2022	06	03	FR	DK	1	2	ENA		-33	2083	1969	0	+2	3	9
2022	06	06	HR	FR	1	1	ENA		10	1808	2073	+3	0	25	3
2022	06	10	AT	FR	1	1	ENA		11	1770	2062	+1	0	31	3
2022	06	13	FR	HR	0	1	ENA		-35	2027	1876	−1	+3	4	15
2022	09	22	FR	AT	2	0	ENA		6	2033	1754	0	0	5	33
2022	09	25	DK	FR	2	0	ENA		29	1971	2004	+2	−3	8	7
2022	11	22	FR	AU	4	1	WC	QA	17	2021	1704	+2	−2	5	40
2022	11	26	FR	DK	2	1	WC	QA	24	2045	1928	+1	−1	4	10
2022	11	30	TN	FR	1	0	WC	QA	53	1745	1992	+6	−1	37	6
2022	12	04	FR	PL	3	1	WC	QA	25	2017	1801	+1	−4	4	25
2022	12	10	FR	EN	2	1	WC	QA	28	2045	1966	+1	−1	4	8
2022	12	14	FR	MA	2	0	WC	QA	30	2075	1893	+1	−3	3	14
2022	12	18	AR	FR	3	3	WC	QA	-6	2144	2081	0	0	1	3
2023	03	24	FR	NL	4	0	EQ		26	2107	2047	0	0	3	4
2023	03	27	IE	FR	0	1	EQ		-5	1672	2112	0	0	47	3
2023	06	16	FR	GI	3	0	EQ	PT	0	2112	1066	0	+1	3	179
2023	06	19	FR	GR	1	0	EQ		2	2114	1694	0	0	3	44
2023	09	07	FR	IE	2	0	EQ		2	2116	1657	0	0	2	49
2023	09	12	DE	FR	2	1	F		14	1902	2102	0	−1	13	3
2023	10	13	NL	FR	1	2	EQ		-18	1954	2120	−1	0	10	2
2023	10	17	FR	SQ	4	1	F		3	2123	1813	0	0	2	24
2023	11	18	FR	GI	14	0	EQ		0	2123	1057	0	0	1	181
2023	11	21	GR	FR	2	2	EQ		14	1728	2109	+3	−1	38	2
2024	03	23	FR	DE	0	2	F		-26	2083	1911	0	+1	2	13
2024	03	26	FR	CL	3	2	F		1	2084	1713	0	−1	2	40
2024	06	05	FR	LU	3	0	F		1	2085	1512	0	0	2	77
2024	06	09	FR	CA	0	0	F		-9	2076	1720	0	+1	2	39
2024	06	17	FR	AT	1	0	EC	DE	11	2087	1852	0	−1	2	16
2024	06	21	FR	NL	0	0	EC	DE	-7	2080	1992	0	+1	2	7
2024	06	25	FR	PL	1	1	EC	DE	-20	2060	1729	−1	+2	3	38
2024	07	01	FR	BE	1	0	EC	DE	17	2077	1934	0	0	3	11
2024	07	05	FR	PT	0	0	EC	DE	-9	2068	1959	0	+1	3	9
2024	07	09	ES	FR	2	1	EC	DE	22	2134	2046	0	0	2	3
2024	09	06	FR	IT	1	3	ENA		-49	1997	1939	−1	+2	5	11
2024	09	09	FR	BE	2	0	ENA		17	2014	1923	0	−1	5	12
2024	10	10	FR	IL	4	1	ENA	HU	5	2019	1552	0	−1	4	71
2024	10	14	BE	FR	1	2	ENA		-21	1909	2040	−2	+1	13	3
2024	11	14	FR	IL	0	0	ENA		-19	2021	1567	−1	+2	4	69
2024	11	17	IT	FR	1	3	ENA		-34	1930	2055	−2	0	11	3
2025	03	20	HR	FR	2	0	ENL		45	1931	2010	+3	0	11	3
2025	03	23	FR	HR	2	0	ENL		20	2030	1911	0	−3	3	13
2025	06	05	ES	FR	5	4	ENL	DE	17	2167	2013	0	−1	1	4
2025	06	08	DE	FR	0	2	ENL		-42	1913	2055	−1	+1	9	3
2025	09	05	FR	UA	2	0	WQ	PL	11	2066	1788	0	0	3	26
2025	09	09	FR	IS	2	1	WQ		1	2067	1562	0	−1	3	72
2025	10	10	FR	AZ	3	0	WQ		1	2068	1366	0	0	3	114
2025	10	13	IS	FR	2	2	WQ		17	1558	2051	+2	0	72	3
2025	11	13	FR	UA	4	0	WQ		9	2060	1788	0	−2	3	28
2025	11	16	AZ	FR	1	3	WQ		-2	1339	2062	−2	0	124	3