1908	04	05	CH	DE	5	3	F		20	1505	1680	−1	−	15	11
1908	04	20	DE	EN	1	5	F		-8	1672	2019	0	0	11	2
1908	06	07	AT	DE	3	2	F		3	1898	1669	0	0	4	11
1909	03	13	EN	DE	9	0	F		2	2149	1667	0	0	1	12
1909	04	04	DE	CH	1	0	F		4	1671	1501	0	0	12	17
1909	04	04	HU	DE	3	3	F		-7	1889	1678	0	0	5	12
1910	04	03	CH	DE	2	3	F		-8	1491	1686	−1	0	18	12
1910	04	24	NL	DE	4	2	F		4	1921	1682	0	0	4	12
1910	05	16	DE	BE	0	3	F		-18	1664	1783	0	0	13	11
1910	10	16	DE	NL	1	2	F		-6	1658	1927	0	0	14	4
1911	03	26	DE	CH	6	2	F		7	1665	1509	0	0	14	18
1911	04	14	DE	EN	2	2	F		8	1673	2130	+1	0	13	1
1911	04	23	BE	DE	2	1	F		5	1755	1668	0	0	11	13
1911	06	18	SE	DE	2	4	F		-19	1648	1687	−1	0	14	12
1911	09	10	DE	AT	1	2	F		-8	1679	1868	0	+2	12	6
1911	10	29	DE	SE	1	3	F		-19	1660	1691	−2	+1	14	12
1911	12	17	DE	HU	1	4	F		-12	1648	1893	0	0	14	6
1912	03	24	NL	DE	5	5	F		-8	1947	1656	−1	+1	4	13
1912	04	14	HU	DE	4	4	F		-7	1886	1663	0	0	6	13
1912	05	05	CH	DE	1	2	F		-9	1515	1672	−1	0	19	13
1912	06	29	AT	DE	5	1	OG	SE	30	1879	1642	+2	0	7	13
1912	07	01	DE	RU	16	0	OG	SE	81	1723	1490	+1	−3	12	20
1912	07	03	HU	DE	3	1	OG	SE	27	1893	1696	+2	0	6	12
1912	10	06	DK	DE	3	1	F		2	2030	1694	0	0	2	12
1912	11	17	DE	NL	2	3	F		-5	1689	1977	0	0	12	3
1913	03	21	DE	EN	0	3	F		-3	1686	2180	0	0	12	1
1913	05	18	DE	CH	1	2	F		-17	1669	1507	0	0	12	20
1913	10	26	DE	DK	1	4	F		-6	1663	2048	0	0	12	2
1913	11	23	BE	DE	6	2	LVC		12	1800	1651	0	0	11	12
1914	04	05	NL	DE	4	4	F		-8	1953	1659	0	0	4	12
1920	06	27	CH	DE	4	1	F		18	1560	1641	0	−1	23	17
1920	09	26	AT	DE	3	2	F		4	1808	1637	0	0	12	19
1920	10	24	DE	HU	1	0	F		16	1653	1969	+1	0	18	3
1921	05	05	DE	AT	3	3	F		2	1655	1829	−1	0	20	11
1921	06	05	HU	DE	3	0	F		4	1938	1651	0	0	3	19
1921	09	18	FI	DE	3	3	F		-2	1623	1653	0	0	21	20
1922	03	26	DE	CH	2	2	F		-5	1648	1562	0	+1	22	30
1922	04	23	AT	DE	0	2	F		-25	1819	1673	−2	+1	13	21
1922	07	02	DE	HU	0	0	F		4	1677	1929	+1	−1	21	5
1923	01	01	IT	DE	3	1	F		11	1695	1666	0	−3	19	23
1923	05	10	DE	NL	0	0	F		1	1667	1815	0	0	22	13
1923	06	03	CH	DE	1	2	F		-11	1602	1678	−1	+1	29	21
1923	06	29	SE	DE	2	1	F		8	1667	1670	0	−1	23	22
1923	08	12	DE	FI	1	2	F		-15	1655	1578	−2	+2	24	32
1923	11	04	DE	NO	1	0	F		6	1661	1614	+1	0	23	25
1924	01	13	DE	AT	4	3	F		11	1672	1794	+1	0	22	13
1924	04	21	NL	DE	0	1	F		-16	1803	1688	0	+2	13	21
1924	06	15	NO	DE	0	2	F		-16	1598	1704	−3	+4	29	21
1924	08	31	DE	SE	1	4	F		-14	1690	1886	−4	+1	24	5
1924	09	21	HU	DE	4	1	F		7	1844	1683	+1	−1	10	25
1924	11	23	DE	IT	0	1	F		-12	1671	1723	−1	0	25	19
1924	12	14	DE	CH	1	1	F		0	1671	1775	0	0	25	16
1925	03	29	NL	DE	2	1	F		4	1813	1667	0	0	13	24
1925	06	21	SE	DE	1	0	F		3	1866	1664	0	0	9	25
1925	06	26	FI	DE	3	5	F		-15	1541	1679	−1	+1	37	24
1925	10	25	CH	DE	0	4	F		-28	1729	1707	−1	+3	18	20
1926	04	18	DE	NL	4	2	F		16	1723	1820	0	−1	20	12
1926	06	20	DE	SE	3	3	F		2	1725	1880	0	0	19	7
1926	10	31	NL	DE	2	3	F		-14	1768	1739	−1	+2	14	16
1926	12	12	DE	CH	2	3	F		-13	1726	1735	−1	+2	17	16
1927	10	02	DK	DE	3	1	F		6	1873	1720	0	−1	9	17
1927	10	23	DE	NO	6	2	F		7	1727	1549	+1	0	17	37
1927	11	20	DE	NL	2	2	F		-2	1725	1772	0	0	18	14
1928	04	15	CH	DE	2	3	F		-12	1681	1737	−3	+1	24	17
1928	05	28	DE	CH	4	0	OG	NL	49	1786	1642	+2	−2	15	25
1928	06	03	UY	DE	4	1	OG	NL	20	2058	1766	0	−1	1	16
1928	09	16	DE	DK	2	1	F		10	1776	1858	+1	0	15	9
1928	09	23	NO	DE	0	2	F		-10	1546	1786	−1	0	38	15
1928	09	30	SE	DE	2	0	F		9	1829	1777	+2	0	11	15
1929	02	10	DE	CH	7	1	F		8	1785	1608	0	−1	14	27
1929	04	28	IT	DE	1	2	F		-16	1923	1801	0	0	5	14
1929	06	01	DE	SQ	1	1	F		4	1805	2033	0	0	14	3
1929	06	23	DE	SE	3	0	F		14	1819	1824	+2	0	12	11
1929	10	20	DE	FI	4	0	F		2	1821	1446	0	0	12	47
1930	03	02	DE	IT	0	2	F		-15	1806	1945	−2	0	14	6
1930	05	04	CH	DE	0	5	F		-12	1550	1818	−1	+2	37	12
1930	05	10	DE	EN	3	3	F		2	1820	1989	0	0	12	3
1930	09	07	DK	DE	6	3	F		11	1858	1809	0	−2	10	14
1930	09	28	DE	HU	5	3	F		11	1820	1815	+2	−1	12	13
1930	11	02	DE	NO	1	1	F		-6	1814	1676	−1	+1	13	22
1931	03	15	FR	DE	1	0	F		14	1581	1800	+1	0	33	13
1931	04	26	NL	DE	1	1	F		2	1624	1798	0	0	28	13
1931	05	24	DE	AT	0	6	F		-19	1779	1962	0	0	13	6
1931	06	17	SE	DE	0	0	F		-2	1759	1781	−1	0	15	13
1931	06	21	NO	DE	2	2	F		0	1668	1781	0	0	24	13
1931	09	13	AT	DE	5	0	F		7	1971	1774	+1	0	5	14
1931	09	27	DE	DK	4	2	F		12	1786	1789	+1	0	13	12
1932	03	06	DE	CH	2	0	F		3	1789	1529	0	0	12	39
1932	07	01	FI	DE	1	4	F		-7	1432	1796	0	0	52	12
1932	09	25	DE	SE	4	3	F		5	1801	1700	0	0	12	18
1932	10	30	HU	DE	2	1	F		7	1831	1794	0	0	11	12
1932	12	04	DE	NL	0	2	F		-24	1770	1678	0	+2	12	25
1933	01	01	IT	DE	3	1	F		5	1965	1765	0	0	5	12
1933	03	19	DE	FR	3	3	F		-7	1758	1575	−1	+2	13	35
1933	10	22	DE	BE	8	1	F		8	1766	1586	+2	−2	13	37
1933	11	05	DE	NO	2	2	F		-4	1762	1713	0	0	13	19
1933	11	19	CH	DE	0	2	F		-13	1611	1775	−1	0	33	13
1933	12	03	DE	PL	1	0	F		4	1779	1654	0	0	13	27
1934	01	14	DE	HU	3	1	F		12	1791	1795	0	0	13	12
1934	03	11	LU	DE	1	9	WQ		-8	1278	1799	−2	+1	69	12
1934	05	27	DE	BE	5	2	WC	IT	20	1819	1529	+1	−1	12	42
1934	05	31	DE	SE	2	1	WC	IT	27	1846	1755	+2	−2	10	16
1934	06	03	CS	DE	3	1	WC	IT	41	1916	1805	+2	−3	7	13
1934	06	07	DE	AT	3	2	WC	IT	48	1853	1995	+3	−2	10	3
1934	09	09	PL	DE	2	5	F		-11	1613	1864	−3	+1	35	9
1934	10	07	DK	DE	2	5	F		-14	1685	1878	0	0	18	9
1935	01	27	DE	CH	4	0	F		4	1882	1620	+1	−1	8	31
1935	02	17	NL	DE	2	3	F		-7	1680	1889	−1	0	20	8
1935	03	17	FR	DE	1	3	F		-8	1616	1897	−3	0	32	8
1935	04	28	BE	DE	1	6	F		-7	1516	1904	0	0	44	9
1935	05	08	DE	IE	3	1	F		3	1907	1621	+1	−1	8	31
1935	05	12	DE	ES	1	2	F		-11	1896	1977	−1	0	9	5
1935	05	26	DE	CS	2	1	F		8	1904	1900	+1	−1	8	9
1935	06	27	NO	DE	1	1	F		2	1729	1902	+1	0	17	8
1935	06	30	SE	DE	3	1	F		17	1774	1885	0	−1	14	9
1935	08	18	DE	FI	6	0	F		2	1887	1491	0	−1	9	53
1935	08	18	LU	DE	0	1	F		-1	1256	1888	0	0	73	9
1935	08	25	DE	RO	4	2	F		2	1890	1505	0	−1	9	48
1935	09	15	DE	PL	1	0	F		2	1892	1602	0	−1	9	36
1935	09	15	DE	EE	5	0	F		1	1893	1263	0	0	9	72
1935	10	13	DE	LV	3	0	F		1	1894	1304	0	0	7	66
1935	10	20	DE	BG	4	2	F		2	1896	1491	0	0	7	51
1935	12	04	EN	DE	3	0	F		8	2012	1888	+1	−1	2	9
1936	02	23	ES	DE	1	2	F		-15	1947	1903	−1	0	6	9
1936	02	27	PT	DE	1	3	F		-10	1662	1913	−2	+2	26	7
1936	03	15	HU	DE	3	2	F		8	1890	1905	0	−2	10	9
1936	08	04	DE	LU	9	0	OG		2	1907	1247	0	−1	8	75
1936	08	07	DE	NO	0	2	OG		-76	1831	1788	−3	+5	11	14
1936	09	13	PL	DE	1	1	F		4	1579	1827	0	0	39	11
1936	09	27	CS	DE	1	2	F		-15	1911	1842	−1	0	8	11
1936	09	27	DE	LU	7	2	F		1	1843	1246	0	0	11	77
1936	10	14	SQ	DE	2	0	F		7	1965	1836	0	0	4	11
1936	10	17	IE	DE	5	2	F		23	1652	1813	+3	−2	28	13
1936	11	15	DE	IT	2	2	F		4	1817	2065	0	0	13	1
1937	01	31	DE	NL	2	2	F		-5	1812	1731	0	0	13	17
1937	03	21	DE	FR	4	0	F		6	1818	1606	0	0	13	35
1937	03	21	LU	DE	2	3	F		-1	1245	1819	0	0	77	13
1937	04	25	DE	BE	1	0	F		2	1821	1546	0	0	13	44
1937	05	02	CH	DE	0	1	F		-7	1611	1828	0	+1	34	12
1937	05	16	DE	DK	8	0	F		11	1839	1711	0	−2	12	20
1937	06	25	LV	DE	1	3	F		-3	1348	1842	0	0	64	12
1937	06	29	FI	DE	0	2	WQ		-8	1414	1850	0	0	57	12
1937	08	29	DE	EE	4	1	WQ		2	1852	1298	0	−1	12	71
1937	10	24	DE	NO	3	0	F		8	1860	1727	0	−1	12	17
1937	11	21	DE	SE	5	0	WQ		12	1872	1652	+1	−5	10	27
1938	02	06	DE	CH	1	1	F		-8	1864	1609	0	+2	10	37
1938	03	20	DE	HU	1	1	F		-1	1863	1927	0	0	9	6
1938	03	20	DE	LU	2	1	F		0	1863	1231	0	0	9	84
1938	04	03	AT	DE	2	0	F		9	1911	1854	+1	−1	7	10
1938	04	24	DE	PT	1	1	F		-6	1848	1696	−1	0	11	21
1938	05	14	DE	EN	3	6	F		-17	1831	1976	0	0	11	4
1938	06	04	DE	CH	1	1	WC	FR	-13	1818	1683	−2	+2	13	23
1938	06	09	CH	DE	4	2	WC	FR	62	1745	1756	+7	−1	15	14
1938	09	18	DE	PL	4	1	F		7	1763	1612	0	−1	14	38
1938	09	25	RO	DE	1	4	F		-11	1522	1774	−1	0	47	14
1939	01	29	BE	DE	1	4	F		-11	1531	1785	0	0	45	14
1939	02	26	DE	YU	3	2	F		3	1788	1610	0	0	14	37
1939	03	26	IT	DE	3	2	F		1	2127	1787	0	0	1	14
1939	03	26	LU	DE	2	1	F		19	1250	1768	+1	0	83	14
1939	05	14	DE	EM	3	3	F		0	1768	1858	0	0	14	10
1939	05	18	DE	EM	1	1	F		0	1768	1858	0	0	14	10
1939	05	23	DE	IE	1	1	F		-5	1763	1686	0	+1	14	23
1939	05	24	DE	EM	2	2	F		0	1763	1846	0	0	14	11
1939	06	22	NO	DE	0	4	F		-22	1697	1785	−3	0	20	14
1939	06	25	DK	DE	0	2	F		-16	1702	1801	−2	0	19	14
1939	06	29	EE	DE	0	2	F		-2	1282	1803	−2	0	79	14
1939	08	27	SK	DE	2	0	F		15	1715	1788	−	0	18	14
1939	09	24	HU	DE	5	1	F		10	1869	1778	0	0	9	14
1939	10	15	YU	DE	1	5	F		-14	1581	1792	−3	0	44	14
1939	10	22	BG	DE	1	2	F		-5	1501	1797	0	0	51	14
1939	11	12	DE	EM	4	4	F		-1	1796	1851	0	0	14	10
1939	11	26	DE	IT	5	2	F		27	1823	2082	+1	−1	13	2
1939	12	03	DE	SK	3	1	F		7	1830	1708	+1	−1	12	19
1940	04	07	DE	HU	2	2	F		-1	1829	1881	0	0	13	8
1940	04	14	DE	YU	1	2	F		-18	1811	1594	−2	+3	15	42
1940	05	05	IT	DE	3	2	F		2	2077	1809	0	0	2	15
1940	07	14	DE	RO	9	3	F		4	1813	1532	+2	−1	13	48
1940	09	01	DE	FI	13	0	F		2	1815	1353	0	0	13	65
1940	09	15	SK	DE	0	1	F		-10	1710	1825	−2	0	20	13
1940	10	06	HU	DE	2	2	F		-4	1875	1829	−1	0	10	13
1940	10	20	DE	BG	7	3	F		3	1832	1486	0	0	13	55
1940	11	03	YU	DE	2	0	F		21	1606	1811	+5	−2	40	15
1940	11	17	DE	DK	1	0	F		5	1816	1701	+2	0	13	22
1941	03	09	DE	CH	4	2	F		9	1825	1757	0	0	13	16
1941	04	06	DE	HU	7	0	F		20	1845	1859	0	−2	13	11
1941	04	20	CH	DE	2	1	F		10	1767	1835	0	0	16	13
1941	06	01	RO	DE	1	4	F		-9	1545	1844	−1	0	47	13
1941	06	15	DE	HR	5	1	F		17	1861	1888	+2	0	11	8
1941	10	05	FI	DE	0	6	F		-4	1346	1865	0	−2	67	13
1941	10	05	SE	DE	4	2	F		18	1723	1847	+3	−2	17	13
1941	11	16	DE	DK	1	1	F		-6	1841	1718	0	+2	13	17
1941	12	07	DE	SK	4	0	F		7	1848	1687	0	−3	13	25
1942	01	18	HR	DE	0	2	F		-21	1871	1869	−1	+2	9	11
1942	02	01	DE	CH	1	2	F		-16	1853	1752	−1	0	12	16
1942	04	12	DE	ES	1	1	F		0	1853	1953	0	0	12	6
1942	05	03	HU	DE	3	5	F		-20	1849	1873	−3	+4	13	8
1942	07	19	BG	DE	0	3	F		-6	1477	1879	−1	+1	57	8
1942	08	16	DE	RO	7	0	F	PL	6	1885	1551	0	−1	8	47
1942	09	20	DE	SE	2	3	F		-16	1869	1754	−3	0	11	17
1942	10	18	CH	DE	3	5	F		-15	1754	1884	−1	+3	17	8
1942	11	01	DE	HR	5	1	F		13	1897	1865	0	−2	8	11
1942	11	22	SK	DE	2	5	F		-12	1665	1909	−3	0	28	8
1950	11	22	WG	CH	1	0	F		4	1913	1758	0	0	8	15
1951	04	04	WG	SP	7	1	F		4	1917	1596	0	−	8	39
1951	04	15	CH	WG	2	3	F		-8	1742	1925	−2	0	17	8
1951	06	17	WG	TR	1	2	F		-19	1906	1546	0	+3	8	51
1951	09	23	AT	WG	0	2	F		-19	1887	1925	−2	+1	10	7
1951	10	17	IE	WG	3	2	F		15	1646	1910	+3	0	31	7
1951	11	21	TR	WG	0	2	F		-6	1555	1916	−1	0	48	7
1951	12	23	WG	LU	4	1	F		1	1917	1319	0	0	7	87
1952	04	20	LU	WG	0	3	F		-2	1317	1919	0	0	87	7
1952	05	04	WG	IE	3	0	F		4	1923	1642	0	0	7	31
1952	10	05	FR	WG	3	1	F		18	1770	1905	+1	0	16	7
1952	10	19	SP	WG	3	4	F		-5	1591	1910	−2	0	41	7
1952	11	09	WG	CH	5	1	F		6	1916	1714	0	−1	7	22
1952	12	21	WG	YU	3	2	F		8	1924	1921	+1	−1	6	7
1952	12	28	ES	WG	2	2	F		-1	1868	1925	0	0	10	6
1953	03	22	WG	AT	0	0	F		-4	1921	1878	0	0	6	9
1953	08	19	NO	WG	1	1	WQ		11	1610	1910	+2	0	39	8
1953	09	02	WG	CH	2	0	F		4	1914	1669	0	0	8	27
1953	10	11	WG	SP	3	0	WQ		6	1920	1612	0	0	8	39
1953	11	22	WG	NO	5	1	WQ		8	1928	1631	+1	−1	7	35
1954	03	28	SP	WG	1	3	WQ		-13	1595	1941	−4	+1	44	6
1954	04	25	CH	WG	3	5	F		-8	1663	1949	−2	+1	29	5
1954	06	17	WG	TR	4	1	WC	CH	12	1961	1586	+1	−2	5	45
1954	06	20	HU	WG	8	3	WC	CH	29	2185	1932	0	−1	1	7
1954	06	23	WG	TR	7	2	WC	CH	22	1954	1647	0	−5	7	32
1954	06	27	WG	YU	2	0	WC	CH	46	2000	1913	+3	−2	5	9
1954	06	30	WG	AT	6	1	WC	CH	54	2054	1914	+2	−1	3	8
1954	07	04	WG	HU	3	2	WC	CH	44	2098	2190	+1	0	2	1
1954	09	26	BE	WG	2	0	F		24	1775	2074	+2	−1	15	3
1954	10	16	WG	FR	1	3	F		-27	2047	1809	0	0	3	14
1954	12	01	EN	WG	3	1	F		13	2002	2034	0	0	5	3
1954	12	19	PT	WG	0	3	F		-6	1657	2040	−2	0	28	3
1955	03	30	WG	IT	1	2	F		-17	2023	1873	0	0	3	9
1955	05	28	WG	IE	2	1	F		1	2024	1669	0	0	3	29
1955	08	21	SU	WG	3	2	F		15	1749	2009	+3	−1	18	4
1955	09	25	YU	WG	3	1	F		13	1972	1996	0	−1	6	4
1955	11	16	WG	NO	2	0	F		2	1998	1616	0	0	4	40
1955	12	18	IT	WG	2	1	F		12	1839	1986	+1	0	10	4
1956	03	07	WG	SP	4	1	F		2	1988	1562	0	−1	4	49
1956	03	14	WG	NL	1	2	F		-19	1969	1628	−2	+4	6	37
1956	05	25	WG	EN	1	3	F		-19	1950	1998	−2	0	7	4
1956	06	13	NO	WG	1	3	F		-6	1606	1956	−2	0	44	7
1956	06	30	SE	WG	2	2	F		1	1814	1955	0	0	13	6
1956	09	15	WG	SU	1	2	F		-16	1939	1820	0	+3	6	12
1956	11	21	WG	CH	1	3	F		-27	1912	1675	−1	+6	6	31
1956	11	25	IE	WG	3	0	F		23	1719	1889	+4	−2	21	8
1956	12	23	WG	BE	4	1	F		5	1894	1678	+1	0	6	29
1957	03	10	AT	WG	2	3	F		-13	1880	1907	0	+1	8	6
1957	04	03	NL	WG	1	2	F		-6	1649	1913	−1	0	37	6
1957	05	22	WG	SQ	1	3	F		-21	1892	1897	−3	+3	9	6
1957	11	20	WG	SE	1	0	F		5	1897	1799	+1	0	6	15
1957	12	22	WG	HU	1	0	F		13	1910	2079	+1	0	5	1
1958	03	02	BE	WG	0	2	F		-10	1672	1920	−2	0	32	5
1958	03	19	WG	ES	2	0	F		9	1929	1866	0	0	5	11
1958	03	26	CH	WG	1	2	F		-5	1623	1934	−1	0	41	5
1958	04	02	CS	WG	3	2	F		9	1894	1925	+1	0	9	5
1958	06	08	WG	AR	3	1	WC	SE	60	1985	1984	+1	−3	4	5
1958	06	11	CS	WG	2	2	WC	SE	11	1862	1974	+2	−1	10	5
1958	06	15	EI	WG	2	2	WC	SE	16	1776	1958	+1	+1	17	4
1958	06	19	WG	YU	1	0	WC	SE	27	1985	1893	0	−4	3	11
1958	06	24	SE	WG	3	1	WC		43	1945	1942	+4	−2	4	5
1958	06	28	FR	WG	6	3	WC	SE	60	1953	1882	+6	−6	4	11
1958	09	24	DK	WG	1	1	F		5	1587	1877	0	0	48	11
1958	10	26	FR	WG	2	2	F		-5	1960	1882	−2	+1	4	10
1958	11	19	WG	AT	2	2	F		-4	1878	1822	0	0	10	13
1958	12	21	WG	BG	3	0	F		6	1884	1698	0	−1	10	32
1958	12	28	RR	WG	2	1	F		14	1630	1870	+1	−1	40	11
1959	05	06	SQ	WG	3	2	F		9	1810	1861	+2	0	13	10
1959	05	20	WG	PL	1	1	F		-8	1853	1593	0	+4	10	45
1959	10	04	CH	WG	0	4	F		-11	1578	1864	−1	+2	48	10
1959	10	21	WG	NL	7	0	F		9	1873	1715	0	−3	10	30
1959	11	08	HU	WG	4	3	F		4	1992	1869	0	0	3	10
1959	12	20	WG	YU	1	1	F		-2	1867	1890	0	0	11	10
1960	03	23	WG	CL	2	1	F		4	1871	1723	0	0	11	26
1960	04	27	WG	PT	2	1	F		3	1874	1693	0	−1	11	32
1960	05	11	WG	IE	0	1	F		-15	1859	1783	−2	+2	12	17
1960	08	03	IS	WG	0	5	F		-3	1301	1862	−1	0	110	12
1960	10	26	EI	WG	3	4	WQ		-17	1686	1879	−1	0	31	11
1960	11	20	GR	WG	0	3	WQ		-10	1463	1889	0	0	75	11
1960	11	23	BG	WG	2	1	F		11	1774	1878	+2	0	19	11
1961	03	08	WG	BE	1	0	F		2	1880	1597	0	0	11	47
1961	03	26	CL	WG	3	1	F		18	1734	1862	+1	0	26	11
1961	05	10	WG	EI	2	1	WQ		5	1867	1601	+1	−2	11	46
1961	09	20	WG	DK	5	1	F		7	1874	1694	0	−2	12	32
1961	10	08	PL	WG	0	2	F		-11	1660	1885	−1	0	37	12
1961	10	22	WG	GR	2	1	WQ		2	1887	1470	0	0	12	74
1962	04	11	WG	UY	3	0	F		14	1901	1907	+2	0	10	9
1962	05	31	IT	WG	0	0	WC	CL	1	1893	1900	0	+1	12	10
1962	06	03	WG	CH	2	1	WC	CL	13	1913	1665	+1	−4	9	34
1962	06	06	CL	WG	0	2	WC		-46	1771	1959	−2	+3	17	6
1962	06	10	YU	WG	1	0	WC	CL	27	2018	1932	+2	−3	2	8
1962	09	30	YU	WG	2	3	F		-13	1914	1945	0	+1	8	6
1962	10	24	WG	FR	2	2	F		-7	1938	1775	0	0	6	19
1962	12	23	WG	CH	5	1	F		3	1941	1616	0	−2	6	44
1963	05	05	WG	BR	1	2	F		-13	1928	1949	−3	+3	7	3
1963	09	28	WG	TR	3	0	F		5	1933	1697	+1	−1	6	30
1963	11	03	SE	WG	2	1	F		8	1904	1925	+2	−1	9	7
1963	12	29	MA	WG	1	4	F		-9	1640	1934	−4	+3	39	5
1964	01	01	DZ	WG	2	0	F		18	1773	1916	+4	−3	20	8
1964	04	29	WG	CS	3	4	F		-13	1903	1910	−2	+2	11	9
1964	05	12	WG	SQ	2	2	F		-2	1901	1930	0	+1	11	7
1964	06	07	FI	WG	1	4	F		-2	1319	1903	0	0	109	9
1964	11	04	WG	SE	1	1	WQ		-8	1895	1865	0	+2	10	13
1965	03	13	WG	IT	1	1	F		-2	1893	1936	0	0	10	5
1965	04	24	WG	CY	5	0	WQ		3	1896	1411	+1	−2	10	89
1965	05	12	WG	EN	0	1	F		-12	1884	1934	0	+1	10	5
1965	05	26	CH	WG	0	1	F		-6	1612	1890	−3	0	48	10
1965	06	06	BR	WG	2	0	F		9	1955	1881	+1	0	3	10
1965	09	26	SE	WG	1	2	WQ		-22	1791	1903	−2	+2	17	8
1965	10	09	WG	AT	4	1	F		8	1911	1779	0	−2	7	20
1965	11	14	CY	WG	0	6	WQ		-7	1387	1918	0	+1	94	7
1966	02	23	EN	WG	1	0	F		7	1946	1911	+1	0	5	7
1966	03	23	NL	WG	2	4	F		-8	1640	1919	0	0	38	7
1966	04	19	WG	HU	1	0	F		9	1928	1974	0	0	7	4
1966	05	04	IE	WG	0	4	F		-11	1654	1939	−2	0	38	7
1966	05	07	EI	WG	0	2	F		-10	1704	1949	−1	+1	30	6
1966	06	01	WG	RO	1	0	F		5	1954	1865	+1	0	5	11
1966	06	23	WG	YU	2	0	F		6	1960	1791	0	0	6	18
1966	07	12	WG	CH	5	0	WC	EN	18	1978	1639	+2	−1	4	39
1966	07	16	AR	WG	0	0	WC	EN	-2	1994	1980	+1	0	2	4
1966	07	20	WG	ES	2	1	WC	EN	22	2002	1862	0	−3	4	13
1966	07	23	WG	UY	4	0	WC	EN	38	2040	1846	+2	−3	2	13
1966	07	25	WG	SU	2	1	WC	EN	34	2074	2051	+1	−1	1	2
1966	07	30	EN	WG	4	2	WC		36	2082	2038	+1	−1	1	2
1966	10	12	TR	WG	0	2	F		-4	1626	2042	−1	0	40	2
1966	11	19	WG	NO	3	0	F		1	2043	1540	0	0	2	58
1967	02	22	WG	MA	5	1	F		2	2045	1652	0	−1	2	38
1967	03	22	WG	BG	1	0	F		2	2047	1752	0	−1	2	23
1967	04	08	WG	AL	6	0	EQ		2	2049	1465	0	0	2	76
1967	05	03	YU	WG	1	0	EQ		29	1812	2020	+2	0	17	2
1967	09	27	WG	FR	5	1	F		4	2024	1758	0	−1	2	22
1967	10	07	WG	YU	3	1	EQ		9	2033	1815	0	0	2	14
1967	11	22	RO	WG	1	0	F		14	1798	2019	+2	0	17	2
1967	12	17	AL	WG	0	0	EQ		18	1466	2001	+6	0	75	2
1968	03	06	BE	WG	1	3	F		-8	1719	2009	−1	0	27	2
1968	04	17	CH	WG	0	0	F		6	1648	2003	0	0	38	2
1968	05	08	WA	WG	1	1	F		5	1708	1998	0	0	29	3
1968	06	01	WG	EN	1	0	F		10	2008	2079	0	0	2	1
1968	06	16	WG	BR	2	1	F		6	2014	1958	0	−1	2	6
1968	09	25	FR	WG	1	1	F		5	1737	2009	0	−1	28	3
1968	10	13	AT	WG	0	2	WQ		-14	1681	2023	0	+1	33	2
1968	11	23	CY	WG	0	1	WQ		-2	1385	2025	+1	0	95	2
1968	12	14	BR	WG	2	2	F		-2	1998	2027	0	0	3	2
1968	12	18	CL	WG	2	1	F		14	1791	2013	+1	0	18	2
1968	12	22	MX	WG	0	0	F		2	1862	2011	0	0	13	2
1969	03	26	WG	WA	1	1	F		-8	2003	1705	0	0	2	29
1969	04	16	SQ	WG	1	1	WQ		2	1869	2001	+1	0	10	2
1969	05	10	WG	AT	1	0	WQ		4	2005	1693	0	−1	2	32
1969	05	21	WG	CY	12	0	WQ		2	2007	1362	0	0	2	102
1969	09	21	AT	WG	1	1	F		5	1698	2002	0	0	32	3
1969	09	24	BG	WG	0	1	F		-10	1902	2012	0	0	7	3
1969	10	22	WG	SQ	3	2	WQ		8	2020	1861	0	−3	3	12
1970	02	11	ES	WG	2	0	F		20	1831	2000	+3	−1	12	4
1970	04	08	WG	RO	1	1	F		-7	1993	1799	−1	+1	4	17
1970	05	09	WG	IE	2	1	F		1	1994	1601	0	0	4	52
1970	05	13	WG	YU	1	0	F		4	1998	1829	0	−1	4	14
1970	06	03	WG	MA	2	1	WC	MX	8	2006	1663	0	0	4	37
1970	06	07	WG	BG	5	2	WC	MX	23	2029	1760	+1	−5	3	24
1970	06	10	WG	PE	3	1	WC	MX	17	2046	1758	0	−5	3	24
1970	06	14	WG	EN	3	2	WC	MX	32	2078	2032	+1	−1	2	3
1970	06	17	IT	WG	4	3	WC	MX	35	2058	2043	+2	−1	2	3
1970	06	20	WG	UY	1	0	WC	MX	17	2060	1865	+1	0	2	8
1970	09	09	WG	HU	3	1	F		6	2066	1915	0	0	2	6
1970	10	17	WG	TR	1	1	EQ		-18	2048	1639	0	+4	2	40
1970	11	18	YU	WG	2	0	F		20	1854	2028	+3	−1	10	3
1970	11	22	GR	WG	1	3	F		-6	1672	2034	0	+1	38	2
1971	02	17	AL	WG	0	1	EQ		-2	1452	2036	−1	0	79	3
1971	04	25	TR	WG	0	3	EQ		-11	1635	2047	−1	+1	42	2
1971	06	12	WG	AL	2	0	EQ		1	2048	1453	0	0	2	77
1971	06	22	NO	WG	1	7	F		-3	1519	2051	0	0	65	2
1971	06	27	SE	WG	1	0	F		12	1877	2039	+1	−1	9	3
1971	06	30	DK	WG	1	3	F		-3	1567	2042	0	+1	58	2
1971	09	08	WG	MX	5	0	F		3	2045	1696	0	−1	2	33
1971	10	10	PL	WG	1	3	EQ		-20	1810	2065	−2	0	16	2
1971	11	17	WG	PL	0	0	EQ		-15	2050	1825	0	+1	2	13
1972	03	29	HU	WG	0	2	F		-15	1926	2065	0	0	6	2
1972	04	29	EN	WG	1	3	EQ		-37	2005	2102	0	0	3	2
1972	05	13	WG	EN	0	0	EQ		-10	2092	2015	0	0	2	3
1972	05	26	WG	SU	4	1	F		8	2100	1966	0	0	2	4
1972	06	14	BE	WG	1	2	EC		-15	1834	2115	−2	0	13	2
1972	06	18	WG	SU	3	0	EC	BE	29	2144	1963	+1	0	1	4
1972	11	15	WG	CH	5	1	F		2	2146	1730	0	−1	1	28
1973	02	14	WG	AR	2	3	F		-18	2128	1882	−1	+1	2	11
1973	03	28	WG	CS	3	0	F		3	2131	1824	0	−2	2	18
1973	05	09	WG	YU	0	1	F		-17	2114	1942	0	+1	2	5
1973	05	12	WG	BG	3	0	F		4	2118	1829	0	−1	2	17
1973	06	16	WG	BR	0	1	F		-13	2105	2137	0	0	2	1
1973	09	05	SU	WG	0	1	F		-7	1909	2112	0	0	7	2
1973	10	10	WG	AT	4	0	F		4	2116	1818	0	−1	2	17
1973	10	13	WG	FR	2	1	F		1	2117	1762	0	0	2	27
1973	11	14	SQ	WG	1	1	F		6	1806	2111	+1	0	19	2
1973	11	24	WG	ES	2	1	F		3	2114	1889	0	−1	2	10
1974	02	23	ES	WG	1	0	F		14	1886	2100	+2	0	11	2
1974	02	26	IT	WG	0	0	F		0	2006	2100	0	0	3	2
1974	03	27	WG	SQ	2	1	F		2	2102	1804	0	−1	2	19
1974	04	17	WG	HU	5	0	F		6	2108	1898	0	−1	2	9
1974	05	01	WG	SE	2	0	F		4	2112	1881	0	0	2	12
1974	06	14	WG	CL	1	0	WC		5	2117	1771	0	−1	1	24
1974	06	18	WG	AU	3	0	WC		4	2121	1667	0	0	1	33
1974	06	22	WG	DD	0	1	WC		-50	2071	1992	−1	+2	2	5
1974	06	26	WG	YU	2	0	WC		22	2093	1954	0	−3	2	8
1974	06	30	WG	SE	4	2	WC		14	2107	1879	0	−4	2	14
1974	07	03	WG	PL	1	0	WC		19	2126	2050	+1	−1	1	4
1974	07	07	WG	NL	2	1	WC		18	2144	2060	0	0	1	3
1974	09	04	CH	WG	1	2	F		-2	1698	2146	0	0	30	1
1974	11	20	GR	WG	2	2	EQ		17	1614	2129	+3	0	43	1
1974	12	22	MT	WG	0	1	EQ		-1	1374	2130	0	0	98	1
1975	03	12	EN	WG	2	0	F		17	1991	2113	0	0	5	1
1975	04	27	BG	WG	1	1	EQ		13	1762	2100	0	0	25	1
1975	05	17	WG	NL	1	1	F		-3	2097	2083	0	0	1	2
1975	09	03	AT	WG	0	2	F		-9	1829	2106	−1	0	18	1
1975	10	11	WG	GR	1	1	EQ		-19	2087	1638	0	+5	1	41
1975	11	19	WG	BG	1	0	EQ		4	2091	1783	0	0	1	21
1975	12	20	TR	WG	0	5	F		-5	1666	2096	−2	0	36	1
1976	02	28	WG	MT	8	0	EQ		1	2097	1389	0	0	1	97
1976	04	24	ES	WG	1	1	EQ		5	1919	2092	−1	0	9	1
1976	05	22	WG	ES	2	0	EQ		10	2102	1909	0	0	1	10
1976	06	17	YU	WG	2	4	EC		-32	1915	2134	−3	0	9	1
1976	06	20	CS	WG	2	2	EC	YU	11	1989	2123	0	0	5	1
1976	10	06	WA	WG	0	2	F		-5	1738	2128	0	0	27	1
1976	11	17	WG	CS	2	0	F		7	2135	2002	0	0	1	4
1977	02	23	FR	WG	1	0	F		16	1834	2119	+2	0	16	1
1977	04	27	WG	EI	5	0	F		2	2121	1745	0	0	1	25
1977	04	30	YU	WG	1	2	F		-5	1837	2126	0	0	16	1
1977	06	05	AR	WG	1	3	F		-11	1925	2137	−1	0	8	1
1977	06	08	UY	WG	0	2	F		-3	1652	2140	−1	0	39	1
1977	06	12	BR	WG	1	1	F		-1	2060	2141	0	0	3	1
1977	06	14	MX	WG	2	2	F		7	1738	2134	0	0	26	1
1977	09	07	FI	WG	0	1	F		-1	1458	2135	−1	0	76	1
1977	10	08	WG	IT	2	1	F		4	2139	1971	0	−1	1	6
1977	11	16	WG	CH	4	1	F		1	2140	1619	0	0	1	45
1977	12	14	WG	WA	1	1	F		-9	2131	1794	0	+1	1	21
1978	02	22	WG	EN	2	1	F		3	2134	1927	0	0	1	8
1978	03	08	WG	SU	1	0	F		3	2137	1908	0	0	1	11
1978	04	05	WG	BR	0	1	F		-15	2122	2073	0	0	1	3
1978	04	19	SE	WG	3	1	F		24	1792	2098	+1	0	22	1
1978	06	01	PL	WG	0	0	WC	AR	14	1942	2084	+1	−1	8	2
1978	06	06	WG	MX	6	0	WC	AR	15	2099	1721	0	−3	2	28
1978	06	10	TN	WG	0	0	WC	AR	24	1736	2075	+6	−1	25	2
1978	06	14	IT	WG	0	0	WC	AR	4	2037	2071	0	−2	4	3
1978	06	18	NL	WG	2	2	WC	AR	-1	2077	2072	0	0	2	3
1978	06	21	AT	WG	3	2	WC	AR	47	1898	2025	+3	0	12	3
1978	10	11	CS	WG	3	4	F		-9	1893	2034	−1	0	13	4
1978	11	15	WG	HU	0	0	F		-8	2026	1778	0	+1	4	21
1978	12	20	WG	NL	3	1	F		13	2039	2070	0	0	4	2
1979	02	25	MT	WG	0	0	EQ		19	1372	2020	+7	0	95	4
1979	04	01	TR	WG	0	0	EQ		14	1639	2006	+2	−2	42	6
1979	05	02	WA	WG	0	2	EQ		-22	1794	2028	−4	+3	21	3
1979	05	22	IE	WG	1	3	F		-7	1716	2035	−2	+1	30	3
1979	05	26	IS	WG	1	3	F		-1	1386	2036	0	0	96	3
1979	09	12	WG	AR	2	1	F		6	2042	1993	0	0	2	5
1979	10	17	WG	WA	5	1	EQ		12	2054	1841	0	−1	2	17
1979	11	21	SU	WG	1	3	F		-12	1881	2066	−1	0	14	1
1979	12	22	WG	TR	2	0	EQ		3	2069	1671	0	0	1	36
1980	02	27	WG	MT	8	0	EQ		1	2070	1347	0	0	1	98
1980	04	02	WG	AT	1	0	F		4	2074	1933	0	0	1	7
1980	05	13	WG	PL	3	1	F		6	2080	1911	0	0	1	11
1980	06	11	WG	CS	1	0	EC	IT	14	2094	1898	0	−1	1	14
1980	06	14	WG	NL	3	2	EC	IT	21	2115	2017	0	−1	1	4
1980	06	17	GR	WG	0	0	EC	IT	22	1674	2093	+6	0	35	1
1980	06	22	WG	BE	2	1	EC	IT	16	2109	1939	0	0	1	7
1980	09	10	CH	WG	2	3	F		-2	1620	2111	−1	0	47	1
1980	10	11	NL	WG	1	1	F		1	1981	2110	0	0	6	1
1980	11	19	WG	FR	4	1	F		6	2116	1929	0	−2	1	11
1980	12	03	BG	WG	1	3	WQ		-8	1677	2124	0	0	32	1
1981	01	01	AR	WG	2	1	MND	UY	27	2028	2097	+1	0	3	1
1981	01	07	BR	WG	4	1	MND	UY	40	2084	2057	+1	−1	1	2
1981	04	01	AL	WG	0	2	WQ		-4	1475	2061	−2	0	75	1
1981	04	29	WG	AT	2	0	WQ		13	2074	1919	0	−1	1	12
1981	05	19	WG	BR	1	2	F		-13	2061	2092	0	0	2	1
1981	05	24	FI	WG	0	4	WQ		-4	1435	2065	0	0	83	2
1981	09	02	PL	WG	0	2	F		-15	1949	2080	−1	0	5	2
1981	09	23	WG	FI	7	1	WQ		1	2081	1457	0	0	2	80
1981	10	14	AT	WG	1	3	WQ		-25	1901	2106	−4	+1	11	1
1981	11	18	WG	AL	8	0	WQ		1	2107	1441	0	0	1	87
1981	11	22	WG	BG	4	0	WQ		5	2112	1739	0	0	1	28
1982	02	17	WG	PT	3	1	F		2	2114	1755	0	−1	1	26
1982	03	21	BR	WG	1	0	F		8	2097	2106	0	0	2	1
1982	03	24	AR	WG	1	1	F		0	2003	2106	0	0	4	1
1982	04	14	WG	CS	2	1	F		3	2109	1903	0	−1	1	13
1982	05	12	NO	WG	2	4	F		-2	1512	2111	0	0	66	1
1982	06	16	DZ	WG	2	1	WC	ES	56	1697	2055	+6	0	33	2
1982	06	20	WG	CL	4	1	WC	ES	16	2071	1737	0	−3	2	28
1982	06	25	WG	AT	1	0	WC	ES	20	2091	1936	0	−1	2	8
1982	06	29	EN	WG	0	0	WC	ES	5	2038	2086	0	0	3	2
1982	07	02	ES	WG	1	2	WC		-18	1826	2104	0	0	17	2
1982	07	08	FR	WG	3	3	WC	ES	13	1955	2091	0	0	7	2
1982	07	11	IT	WG	3	1	WC	ES	55	2067	2036	+2	−1	2	3
1982	09	22	WG	BE	0	0	F		-6	2030	1881	0	0	3	13
1982	10	13	EN	WG	1	2	F		-13	2006	2043	−1	0	5	3
1982	11	17	EI	WG	1	0	EQ		30	1781	2013	+2	−2	22	4
1983	02	23	PT	WG	1	0	F		14	1786	1999	0	−2	21	5
1983	03	30	AL	WG	1	2	EQ		-3	1437	2002	−1	+1	87	4
1983	04	23	TR	WG	0	3	EQ		-7	1515	2009	−1	+1	65	3
1983	04	27	AT	WG	0	0	EQ		0	1912	2009	0	−1	10	4
1983	06	07	WG	YU	4	2	F	LU	9	2018	1859	0	0	4	13
1983	09	07	HU	WG	1	1	F		4	1758	2014	0	0	25	3
1983	10	05	WG	AT	3	0	EQ		15	2029	1867	0	−2	3	12
1983	10	26	WG	TR	5	1	EQ		3	2032	1543	0	−2	2	62
1983	11	16	WG	EI	0	1	EQ		-36	1996	1808	−2	+2	3	23
1983	11	20	WG	AL	2	1	EQ		1	1997	1428	0	0	3	88
1984	02	15	BG	WG	2	3	F		-6	1757	2003	−2	+1	29	2
1984	02	29	BE	WG	0	1	F		-10	1891	2013	0	0	7	2
1984	03	28	WG	SU	2	1	F		7	2020	2017	+1	−1	1	2
1984	04	18	FR	WG	1	0	F		9	1954	2011	0	−1	5	2
1984	05	22	WG	IT	1	0	F	CH	6	2017	1861	0	−2	2	13
1984	06	14	PT	WG	0	0	EC	FR	13	1837	2004	+1	0	17	2
1984	06	17	WG	RO	2	1	EC	FR	13	2017	1813	0	−2	2	21
1984	06	20	ES	WG	1	0	EC	FR	35	1899	1982	+6	−1	7	3
1984	09	12	WG	AR	1	3	F		-22	1960	1917	0	+2	3	6
1984	10	17	WG	SE	2	0	WQ		11	1971	1790	0	−1	3	20
1984	12	16	MT	WG	2	3	WQ		-2	1355	1973	0	0	94	3
1985	01	29	WG	HU	0	1	F		-16	1957	1842	−1	+2	4	17
1985	02	24	PT	WG	1	2	WQ		-19	1821	1976	−4	+1	19	3
1985	03	27	WG	MT	6	0	WQ		1	1977	1348	0	0	4	96
1985	04	17	WG	BG	4	1	F		6	1983	1784	0	−1	4	27
1985	04	30	CS	WG	1	5	WQ		-31	1791	2014	−7	+2	24	2
1985	06	12	EN	WG	3	0	AZT	MX	33	1949	1981	+3	−1	4	2
1985	06	15	MX	WG	2	0	AZT		27	1841	1954	+4	−1	17	3
1985	08	28	SU	WG	1	0	F		7	1984	1947	0	0	2	4
1985	09	25	SE	WG	2	2	WQ		-2	1886	1949	+1	0	7	3
1985	10	16	WG	PT	0	1	WQ		-32	1917	1831	−2	+5	5	19
1985	11	17	WG	CS	2	2	WQ		-10	1907	1832	0	+1	6	20
1986	02	05	IT	WG	1	2	F		-12	1872	1919	−5	0	13	6
1986	03	12	WG	BR	2	0	F		11	1930	1910	+1	−1	5	6
1986	04	09	CH	WG	0	1	F		-7	1721	1937	0	+1	30	4
1986	05	11	WG	YU	1	1	F		-6	1931	1815	0	+1	4	21
1986	05	14	WG	NL	3	1	F		9	1940	1875	+1	−1	3	10
1986	06	04	UY	WG	1	1	WC	MX	9	1841	1931	+3	0	17	5
1986	06	08	WG	SQ	2	1	WC	MX	23	1954	1823	0	−5	4	20
1986	06	13	DK	WG	2	0	WC	MX	43	2010	1911	+2	−2	2	8
1986	06	17	WG	MA	1	0	WC	MX	16	1927	1722	+1	−2	7	32
1986	06	21	MX	WG	0	0	WC		-5	1876	1932	0	0	9	8
1986	06	25	WG	FR	2	0	WC	MX	61	1993	1996	+4	−2	4	3
1986	06	29	AR	WG	3	2	WC	MX	28	2040	1965	+2	−1	1	5
1986	09	24	DK	WG	0	2	F		-19	1930	1984	0	+2	8	3
1986	10	15	WG	ES	2	2	F		-3	1981	1984	−1	+1	5	4
1986	10	29	AT	WG	4	1	F		24	1765	1957	+4	−1	25	6
1987	03	25	IL	WG	0	2	F		-6	1605	1963	−1	0	48	6
1987	04	18	WG	IT	0	0	F		-4	1959	1907	0	−1	6	10
1987	08	12	WG	FR	2	1	F		6	1965	1896	0	−1	3	10
1987	09	09	WG	EN	3	1	F		12	1977	1978	0	0	3	2
1987	09	23	WG	DK	1	0	F		5	1982	1897	+1	0	2	9
1987	10	14	WG	SE	1	1	F		-5	1977	1898	−1	+1	3	9
1987	11	18	HU	WG	0	0	F		3	1788	1974	0	0	22	3
1987	12	12	BR	WG	1	1	F		-3	1961	1977	−1	0	5	3
1987	12	16	AR	WG	1	0	F		9	1907	1968	0	0	9	3
1988	03	31	WG	SE	1	1	FT		-6	1962	1920	0	0	3	8
1988	04	02	WG	AR	1	0	FT		8	1970	1881	0	−1	3	12
1988	04	27	WG	CH	1	0	F		3	1973	1747	+1	−1	2	29
1988	06	04	WG	YU	1	1	F		-6	1967	1842	−1	+2	4	14
1988	06	10	WG	IT	1	1	EC		-9	1958	1946	−1	0	5	6
1988	06	14	WG	DK	2	0	EC		19	1977	1846	+3	0	2	13
1988	06	17	WG	ES	2	0	EC		20	1997	1885	+1	0	1	8
1988	06	21	WG	NL	1	2	EC		-33	1964	2008	−3	+2	5	2
1988	08	31	FI	WG	0	4	WQ		-14	1600	1978	−2	+1	47	4
1988	09	21	WG	SU	1	0	F		7	1985	1982	+1	−2	3	4
1988	10	19	WG	NL	0	0	WQ		-2	1983	2057	−1	0	4	1
1989	03	22	BG	WG	1	2	F		-7	1762	1990	−2	0	27	4
1989	04	26	NL	WG	1	1	WQ		-9	2051	1999	0	+1	1	3
1989	05	31	WA	WG	0	0	WQ		7	1775	1992	0	0	25	3
1989	09	06	IE	WG	1	1	F		1	1872	1991	−1	0	14	2
1989	10	04	WG	FI	6	1	WQ		5	1996	1613	0	−1	2	45
1989	11	15	WG	WA	2	1	WQ		5	2001	1735	0	+1	2	29
1990	02	28	FR	WG	2	1	F		10	1897	1991	+2	0	12	3
1990	04	25	WG	UY	3	3	F		-5	1986	1900	0	0	3	13
1990	05	26	WG	CS	1	0	F		4	1990	1855	0	0	3	16
1990	05	30	WG	DK	1	0	F		5	1995	1886	+1	−1	2	15
1990	06	10	WG	YU	4	1	WC	IT	38	2033	1855	+1	−6	1	16
1990	06	15	WG	AE	5	1	WC	IT	4	2037	1439	0	−1	1	78
1990	06	19	CO	WG	1	1	WC	IT	18	1805	2019	+1	−1	19	2
1990	06	24	WG	NL	2	1	WC	IT	28	2047	1964	+1	−1	1	5
1990	07	01	WG	CS	1	0	WC	IT	18	2065	1882	0	−3	1	12
1990	07	04	EN	WG	1	1	WC	IT	6	1998	2059	0	0	3	1
1990	07	08	WG	AR	1	0	WC	IT	17	2076	1874	0	−4	1	14
1990	08	29	PT	WG	1	1	F		5	1783	2071	+1	0	20	1
1990	10	10	SE	WG	1	3	F		-9	1825	2080	0	0	18	1
1990	10	31	LU	WG	2	3	EQ		0	1178	2080	0	0	143	1
1990	12	19	DE	CH	4	0	F		2	2082	1719	0	0	1	31
1991	03	27	DE	SU	2	1	F		3	2085	1894	0	+1	1	10
1991	05	01	DE	BE	1	0	EQ		4	2089	1812	0	0	1	19
1991	06	05	WA	DE	1	0	EQ		31	1794	2058	+2	0	22	1
1991	09	11	EN	DE	0	1	F		-11	1992	2069	−1	0	3	1
1991	10	16	DE	WA	4	1	EQ		8	2077	1798	0	−1	1	20
1991	11	20	BE	DE	0	1	EQ		-12	1820	2089	−4	0	19	1
1991	12	18	DE	LU	4	0	EQ		0	2089	1180	0	0	1	149
1992	03	25	IT	DE	1	0	F		11	1982	2078	0	0	5	1
1992	04	22	CS	DE	1	1	F		3	1863	2075	0	0	13	1
1992	05	30	DE	TR	1	0	F		1	2076	1583	0	0	1	59
1992	06	02	DE	EI	1	1	F		-9	2067	1649	0	+2	1	41
1992	06	12	DS	DE	1	1	EC	SE	10	1933	2057	+1	0	8	1
1992	06	15	DE	SQ	2	0	EC	SE	12	2069	1752	0	−1	1	28
1992	06	18	NL	DE	3	1	EC	SE	47	2023	2022	+3	−1	1	2
1992	06	21	SE	DE	2	3	EC		-22	1858	2044	−3	+1	14	1
1992	06	26	DK	DE	2	0	EC	SE	52	1953	1992	+2	−2	7	3
1992	09	09	DK	DE	1	2	F		-11	1924	2003	−1	+3	8	1
1992	10	14	DE	MX	1	1	F		-7	1996	1806	−1	0	2	20
1992	11	18	DE	AT	0	0	F		-9	1987	1644	0	+4	3	44
1992	12	16	BR	DE	3	1	F		11	1997	1976	+1	−2	2	4
1992	12	20	UY	DE	1	4	F		-17	1851	1993	0	+1	15	3
1993	03	24	SQ	DE	0	1	F		-7	1787	2000	0	+1	22	3
1993	04	14	DE	GH	6	1	F		2	2002	1616	0	0	3	49
1993	06	10	BR	DE	3	3	USC	US	0	2003	2002	0	0	2	3
1993	06	13	US	DE	3	4	USC		-6	1656	2008	−1	+1	37	2
1993	06	19	DE	EN	2	1	USC	US	10	2018	1873	+1	0	1	11
1993	09	22	TN	DE	1	1	F		7	1592	2011	+4	0	57	1
1993	10	13	DE	UY	5	0	F		6	2017	1797	0	−2	1	24
1993	11	17	DE	BR	2	1	F		5	2022	1939	0	+1	1	4
1993	12	15	AR	DE	2	1	F	US	13	1928	2009	0	0	8	1
1993	12	18	US	DE	0	3	F		-6	1622	2015	0	0	50	1
1993	12	22	MX	DE	0	0	F		1	1892	2014	0	0	10	1
1994	03	23	DE	IT	2	1	F		6	2020	1979	0	0	1	3
1994	04	27	AE	DE	0	2	F		-2	1479	2022	−1	0	85	1
1994	05	29	DE	IE	0	2	F		-25	1997	1885	0	+4	1	12
1994	06	02	AT	DE	1	5	F		-7	1641	2004	0	0	45	1
1994	06	08	CA	DE	0	2	F		-5	1599	2009	0	0	58	1
1994	06	17	DE	BO	1	0	WC	US	9	2018	1694	0	−2	1	32
1994	06	21	DE	ES	1	1	WC	US	-12	2006	1888	0	+3	1	12
1994	06	27	DE	KR	3	2	WC	US	8	2014	1676	+1	0	1	34
1994	07	02	DE	BE	3	2	WC	US	16	2030	1821	0	−1	1	22
1994	07	10	BG	DE	2	1	WC	US	45	1879	1985	+7	−1	13	3
1994	09	07	RU	DE	0	1	F		-9	1842	1994	−1	0	19	3
1994	10	12	HU	DE	0	0	F		7	1616	1987	+2	0	50	3
1994	11	16	AL	DE	1	2	EQ		-2	1379	1989	0	+1	108	2
1994	12	14	MD	DE	0	3	EQ		-9	1539	1998	−1	0	68	2
1994	12	18	DE	AL	2	1	EQ		1	1999	1364	0	−1	2	114
1995	02	22	ES	DE	0	0	F		-3	1987	2002	0	0	3	2
1995	03	29	GE	DE	0	2	EQ		-9	1596	2011	−2	0	54	2
1995	04	26	DE	WA	1	1	EQ		-18	1993	1654	−1	+6	3	37
1995	06	07	BG	DE	3	2	EQ		22	1887	1971	+7	−1	11	4
1995	06	21	DE	IT	2	0	CNT	CH	25	1996	1984	+2	−1	2	3
1995	06	23	CH	DE	1	2	CNT		-12	1802	2008	−2	0	24	2
1995	08	23	BE	DE	1	2	F		-8	1812	2016	0	0	23	2
1995	09	06	DE	GE	4	1	EQ		4	2020	1630	0	−1	2	43
1995	10	08	DE	MD	6	1	EQ		2	2022	1445	0	0	2	94
1995	10	11	WA	DE	1	2	EQ		-6	1627	2028	−3	0	46	2
1995	11	15	DE	BG	3	1	EQ		10	2038	1836	0	−2	2	19
1995	12	15	ZA	DE	0	0	F		6	1677	2032	+1	0	35	2
1996	02	21	PT	DE	1	2	F		-8	1852	2040	−2	0	16	2
1996	03	27	DE	DK	2	0	F		8	2048	1963	0	−1	2	6
1996	04	24	NL	DE	0	1	F		-9	1907	2057	−1	0	10	2
1996	05	29	EI	DE	1	1	F		7	1641	2050	0	0	42	2
1996	06	01	DE	FR	0	1	F		-15	2035	1991	0	+2	2	3
1996	06	04	DE	LI	9	1	F		0	2035	1092	0	0	2	173
1996	06	09	DE	CZ	2	0	EC	EN	24	2059	1882	0	−2	2	12
1996	06	16	DE	RU	3	0	EC	EN	26	2085	1885	+1	−2	1	13
1996	06	19	DE	IT	0	0	EC	EN	-8	2077	1985	0	0	1	5
1996	06	23	DE	HR	2	1	EC	EN	14	2091	1900	0	−2	1	12
1996	06	26	EN	DE	1	1	EC		5	1931	2086	0	0	8	1
1996	06	30	DE	CZ	2	1	EC	EN	15	2101	1932	0	−1	1	7
1996	09	04	PL	DE	0	2	F		-4	1649	2105	0	0	41	1
1996	10	09	AM	DE	1	5	WQ		-1	1325	2106	0	0	125	1
1996	11	09	DE	EI	1	1	WQ		-19	2087	1616	0	+6	1	50
1996	12	14	PT	DE	0	0	WQ		6	1888	2081	+1	0	13	1
1997	02	26	IL	DE	0	1	F		-2	1610	2083	−3	0	54	1
1997	04	02	DE	AL	3	2	WQ	ES	1	2084	1417	0	0	1	101
1997	04	30	DE	UA	2	0	WQ		3	2087	1675	0	0	1	41
1997	06	07	UA	DE	0	0	WQ		15	1673	2072	+3	0	41	1
1997	08	20	EI	DE	1	3	WQ		-7	1615	2079	−3	0	51	2
1997	09	06	DE	PT	1	1	WQ		-14	2065	1882	0	+3	2	10
1997	09	10	DE	AM	4	0	WQ		1	2066	1383	0	−2	2	112
1997	10	11	DE	AL	4	3	WQ		1	2067	1410	0	−1	2	103
1997	11	15	DE	ZA	3	0	F		2	2069	1719	0	0	2	34
1998	02	18	OM	DE	0	2	F		-1	1289	2070	0	0	134	2
1998	02	22	SA	DE	0	3	F		-4	1630	2074	−2	0	50	2
1998	03	25	DE	BR	1	2	F		-12	2062	2110	0	0	2	1
1998	04	22	DE	NG	1	0	F		1	2063	1712	0	+1	2	35
1998	05	27	FI	DE	0	0	F		8	1540	2055	+1	0	68	2
1998	05	30	DE	CO	3	1	F		3	2058	1789	0	−1	2	22
1998	06	05	DE	LU	7	0	F		0	2058	1203	0	0	2	152
1998	06	15	DE	US	2	0	WC	FR	14	2072	1745	0	−4	2	29
1998	06	21	DE	YU	2	2	WC	FR	-8	2064	1984	0	0	2	5
1998	06	25	DE	IR	2	0	WC	FR	8	2072	1660	0	−3	1	47
1998	06	29	DE	MX	2	1	WC	FR	15	2087	1869	+1	−2	1	16
1998	07	04	HR	DE	3	0	WC	FR	77	1991	2010	+3	−3	7	5
1998	09	02	MT	DE	1	2	F		0	1224	2010	0	0	146	4
1998	09	05	DE	RO	1	1	F	MT	-3	2007	1890	0	0	4	13
1998	10	10	TR	DE	1	0	EQ		31	1713	1976	+8	−1	34	5
1998	10	14	MD	DE	1	3	EQ		-4	1389	1980	−2	0	110	5
1998	11	18	DE	NL	1	1	F		-3	1977	1992	−1	0	6	4
1999	02	06	US	DE	3	0	F		26	1723	1951	+6	−1	32	7
1999	02	09	CO	DE	3	3	F	US	5	1757	1946	0	0	25	7
1999	03	27	EI	DE	0	3	EQ		-12	1566	1958	−1	0	61	6
1999	03	31	DE	FI	2	0	EQ		3	1961	1568	0	0	6	61
1999	04	28	DE	SQ	0	1	F		-18	1943	1717	−2	+1	8	38
1999	06	04	DE	MD	6	1	EQ		2	1945	1408	+1	−1	7	104
1999	07	24	BR	DE	4	0	CC	MX	26	2137	1919	0	−3	1	9
1999	07	28	DE	NZ	2	0	CC	MX	7	1926	1508	+2	−1	7	75
1999	07	30	US	DE	2	0	CC	MX	56	1799	1870	+10	−9	20	16
1999	09	04	FI	DE	1	2	EQ		-9	1547	1879	+1	0	66	16
1999	09	08	DE	EI	4	0	EQ		6	1885	1536	0	−1	16	69
1999	10	09	DE	TR	0	0	EQ		-13	1872	1734	0	−1	16	34
1999	11	14	NO	DE	0	1	F		-14	1904	1886	−6	0	15	17
2000	02	23	NL	DE	2	1	F		5	1960	1881	+1	0	4	14
2000	03	29	HR	DE	1	1	F		-4	1911	1885	−1	0	11	14
2000	04	26	DE	CH	1	1	F		-6	1879	1728	0	0	14	32
2000	06	03	DE	CZ	3	2	F		9	1888	1944	0	0	14	6
2000	06	07	DE	LI	8	2	F		0	1888	1079	0	0	14	177
2000	06	12	DE	RO	1	1	EC	BE	-2	1886	1860	0	0	13	15
2000	06	17	EN	DE	1	0	EC	BE	25	1914	1861	+2	−1	10	14
2000	06	20	PT	DE	3	0	EC	NL	32	1986	1829	+1	−3	6	16
2000	08	16	DE	ES	4	1	F		21	1850	1973	+2	−1	13	6
2000	09	02	DE	GR	2	0	WQ		16	1866	1762	+1	−5	12	26
2000	10	07	EN	DE	0	1	WQ		-27	1865	1893	−1	+1	12	11
2000	11	15	DK	DE	2	1	F		11	1777	1882	0	−1	24	11
2001	02	27	FR	DE	1	0	F		3	2113	1879	0	0	1	11
2001	03	24	DE	AL	2	1	WQ		2	1881	1498	0	−2	11	77
2001	03	28	GR	DE	2	4	WQ		-24	1684	1905	−6	+3	43	8
2001	05	29	DE	SK	2	0	F		6	1911	1758	0	0	8	29
2001	06	02	FI	DE	2	2	WQ		9	1645	1902	+2	0	51	8
2001	06	06	AL	DE	0	2	WQ		-9	1499	1911	−4	−1	75	9
2001	08	15	HU	DE	2	5	F		-10	1645	1921	−2	+1	52	7
2001	09	01	DE	EN	1	5	WQ		-50	1871	1950	−4	+1	11	7
2001	10	06	DE	FI	0	0	WQ		-13	1858	1728	−4	−1	14	37
2001	11	10	UA	DE	1	1	WQ		3	1716	1855	+1	+1	39	12
2001	11	14	DE	UA	4	1	WQ		14	1869	1702	0	−2	12	41
2002	02	13	DE	IL	7	1	F		6	1875	1665	0	−2	11	47
2002	03	27	DE	US	4	2	F		9	1884	1806	+3	−2	8	24
2002	04	17	DE	AR	0	1	F		-9	1875	2020	−3	0	11	3
2002	05	09	DE	KW	7	0	F		3	1878	1526	−1	−1	12	71
2002	05	14	WA	DE	1	0	F		15	1580	1863	+4	−2	57	13
2002	05	18	DE	AT	6	2	F		6	1869	1678	+2	−1	11	45
2002	06	01	DE	SA	8	0	WC	JP	38	1907	1658	+3	−6	8	47
2002	06	05	DE	IE	1	1	WC	JP	-4	1903	1870	0	0	8	13
2002	06	11	DE	CM	2	0	WC	JP	36	1939	1793	+1	−5	8	25
2002	06	15	DE	PY	1	0	WC	KR	15	1954	1735	+1	−3	7	37
2002	06	21	DE	US	1	0	WC	KR	21	1975	1824	+2	−5	5	20
2002	06	25	KR	DE	0	1	WC		-27	1818	2002	−7	+2	23	3
2002	06	30	BR	DE	2	0	WC	JP	42	2070	1960	0	−3	1	6
2002	08	21	BG	DE	2	2	F		5	1670	1955	+2	0	41	6
2002	09	07	LT	DE	0	2	EQ		-4	1384	1959	−1	+1	112	5
2002	10	11	BA	DE	1	1	F		8	1507	1951	+3	−2	72	7
2002	10	16	DE	FO	2	1	EQ		0	1951	1252	+1	0	6	143
2002	11	20	DE	NL	1	3	F		-16	1935	2051	−1	0	7	2
2003	02	12	ES	DE	3	1	F		9	2005	1926	0	+1	4	6
2003	03	29	DE	LT	1	1	EQ		-19	1907	1395	−3	+5	9	108
2003	04	30	DE	RM	1	0	F		4	1911	1776	0	+1	9	23
2003	06	01	DE	CA	4	1	F		3	1914	1621	0	−1	9	53
2003	06	07	SQ	DE	1	1	EQ		10	1643	1904	0	−1	50	10
2003	06	11	FO	DE	0	2	EQ		-3	1269	1907	−1	0	141	10
2003	08	20	DE	IT	0	1	F		-12	1895	1939	0	+1	10	7
2003	09	06	IS	DE	0	0	EQ		11	1587	1884	0	−2	62	12
2003	09	10	DE	SQ	2	1	EQ		5	1889	1647	+1	−1	11	49
2003	10	11	DE	IS	3	0	EQ		6	1895	1581	+1	0	10	62
2003	11	15	DE	FR	0	3	F		-16	1879	2049	0	0	10	1
2004	02	18	HR	DE	1	2	F		-11	1817	1890	−1	0	18	11
2004	03	31	DE	BE	3	0	F		9	1899	1784	+1	−2	10	24
2004	04	28	RO	DE	5	1	F		17	1845	1882	+2	−1	14	11
2004	05	27	DE	MT	7	0	F		1	1883	1264	0	0	11	141
2004	06	02	CH	DE	0	2	F		-12	1707	1895	−2	+1	37	10
2004	06	06	DE	HU	0	2	F		-28	1867	1573	−1	+7	11	63
2004	06	15	DE	NL	1	1	EC	PT	7	1874	1960	0	−1	10	6
2004	06	19	DE	LV	0	0	EC	PT	-19	1855	1539	−1	+1	12	72
2004	06	23	CZ	DE	2	1	EC	PT	16	2002	1839	+1	−4	3	16
2004	08	18	AT	DE	1	3	F		-12	1667	1851	−5	+3	43	15
2004	09	08	DE	BR	1	1	F		2	1853	2009	0	0	15	2
2004	10	09	IR	DE	0	2	F		-17	1790	1870	−2	+3	25	12
2004	11	17	DE	CM	3	0	F		6	1876	1700	+1	−1	12	34
2004	12	16	JP	DE	0	3	F		-22	1845	1898	−2	+2	16	10
2004	12	19	KR	DE	3	1	F		19	1713	1879	+1	−2	34	12
2004	12	21	TH	DE	1	5	F		-2	1318	1881	0	0	126	12
2005	02	09	DE	AR	2	2	F		1	1882	2028	0	0	12	1
2005	03	26	SI	DE	0	1	F		-6	1649	1888	−1	−1	51	13
2005	06	04	EI	DE	1	4	F		-5	1483	1893	−2	0	87	13
2005	06	08	DE	RU	2	2	F		-6	1887	1761	+1	+1	12	29
2005	06	15	DE	AU	4	3	CC		13	1900	1795	+2	−3	10	27
2005	06	18	DE	TN	3	0	CC		10	1910	1642	+1	−2	9	53
2005	06	21	DE	AR	2	2	CC		2	1912	2029	0	0	9	1
2005	06	25	DE	BR	2	3	CC		-29	1883	1985	−3	0	12	5
2005	06	29	DE	MX	4	3	CC		23	1906	1932	+3	−2	9	8
2005	08	17	NL	DE	2	2	F		-5	1998	1911	0	−1	2	9
2005	09	03	SK	DE	2	0	F		21	1685	1890	+6	−2	43	11
2005	09	07	DE	ZA	4	2	F		2	1892	1538	0	0	11	72
2005	10	08	TR	DE	2	1	F		9	1842	1883	+2	−1	16	12
2005	10	12	DE	CN	1	0	F		3	1886	1657	0	−4	12	53
2005	11	12	FR	DE	0	0	F		-5	1973	1891	0	+1	3	11
2006	03	01	IT	DE	4	1	F		10	1949	1881	0	−1	7	11
2006	03	22	DE	US	4	1	F		11	1892	1838	0	−3	11	17
2006	05	27	DE	LU	7	0	F		0	1892	979	0	0	11	190
2006	05	30	DE	JP	2	2	F		-5	1887	1788	0	0	11	26
2006	06	02	DE	CO	3	0	F		8	1895	1769	0	−1	10	31
2006	06	09	DE	CR	4	2	WC		16	1911	1708	0	−5	10	43
2006	06	14	DE	PL	1	0	WC		12	1923	1749	+1	−3	9	33
2006	06	20	DE	EC	3	0	WC		23	1946	1782	+2	−3	7	24
2006	06	24	DE	SE	2	0	WC		24	1970	1849	0	−1	8	13
2006	06	30	DE	AR	1	1	WC		-6	1964	2004	0	+1	8	4
2006	07	04	DE	IT	0	2	WC		-50	1914	2078	−1	+2	9	1
2006	07	08	DE	PT	3	1	WC		40	1954	1939	+1	−2	8	9
2006	08	16	DE	SE	3	0	F		8	1962	1841	0	−3	7	16
2006	09	02	DE	IE	1	0	EQ		7	1969	1800	0	−1	7	21
2006	09	06	SM	DE	0	13	EQ		-1	938	1970	0	0	194	7
2006	10	07	DE	GE	2	0	F		1	1971	1508	0	0	7	83
2006	10	11	SK	DE	1	4	EQ		-21	1698	1992	−3	+2	43	5
2006	11	15	CY	DE	1	1	EQ		16	1506	1976	+4	−1	83	6
2007	02	07	DE	CH	3	1	F		6	1982	1840	0	0	6	14
2007	03	24	CZ	DE	1	2	EQ		-21	1873	2003	−1	+2	13	4
2007	03	28	DE	DK	0	1	F		-15	1988	1911	−2	+1	6	10
2007	06	02	DE	SM	6	0	EQ		0	1988	936	0	0	5	193
2007	06	06	DE	SK	2	1	EQ		4	1992	1722	0	−1	5	42
2007	08	22	EN	DE	1	2	F		-12	1933	2004	0	+2	7	4
2007	09	08	WA	DE	0	2	EQ		-9	1587	2013	−1	+1	61	3
2007	09	12	DE	RO	3	1	F		7	2020	1908	+1	0	3	9
2007	10	13	IE	DE	0	0	EQ		8	1790	2012	+2	−2	22	5
2007	10	17	DE	CZ	0	3	EQ		-56	1956	1928	−1	+4	6	9
2007	11	17	DE	CY	4	0	EQ		4	1960	1542	−1	−5	7	76
2007	11	21	DE	WA	0	0	EQ		-17	1943	1630	0	+1	7	56
2008	02	06	AT	DE	0	3	F		-7	1591	1950	−2	0	59	7
2008	03	26	CH	DE	0	4	F		-16	1786	1966	−5	0	26	7
2008	05	27	DE	BY	2	2	F		-9	1957	1578	0	+1	7	64
2008	05	31	DE	RS	2	1	F		3	1960	1729	0	0	7	38
2008	06	08	DE	PL	2	0	EC	AT	20	1980	1765	+1	−5	6	29
2008	06	12	HR	DE	2	1	EC	AT	32	1916	1948	+3	0	10	7
2008	06	16	AT	DE	0	1	EC		-9	1582	1957	−2	0	60	7
2008	06	19	DE	PT	3	2	EC	CH	20	1977	1868	0	0	6	12
2008	06	25	DE	TR	3	2	EC	CH	16	1993	1832	0	−1	6	16
2008	06	29	ES	DE	1	0	EC	AT	20	2077	1973	0	0	1	6
2008	08	20	DE	BE	2	0	F		2	1975	1615	0	0	6	54
2008	09	06	LI	DE	0	6	WQ		-1	1175	1976	0	0	164	6
2008	09	10	FI	DE	3	3	WQ		10	1685	1966	+1	0	44	6
2008	10	11	DE	RU	2	1	WQ		10	1976	1870	0	+1	6	10
2008	10	15	DE	WA	1	0	WQ		3	1979	1636	+1	−1	5	52
2008	11	19	DE	EN	1	2	F		-13	1966	1987	−2	+1	7	5
2009	02	11	DE	NO	0	1	F		-18	1948	1724	0	+3	7	39
2009	03	28	DE	LI	4	0	WQ		1	1949	1179	0	0	7	160
2009	04	01	WA	DE	0	2	WQ		-12	1596	1961	−3	+1	59	6
2009	05	29	CN	DE	1	1	F		7	1534	1954	+3	0	78	6
2009	06	02	AE	DE	2	7	F		-3	1401	1957	0	0	108	6
2009	08	12	AZ	DE	0	2	WQ		-3	1357	1960	0	0	118	5
2009	09	05	DE	ZA	2	0	F		1	1961	1546	0	−1	5	74
2009	09	09	DE	AZ	4	0	WQ		1	1962	1346	0	−1	5	121
2009	10	10	RU	DE	0	1	WQ		-23	1891	1985	−1	0	8	5
2009	10	14	DE	FI	1	1	WQ		-17	1968	1680	0	+1	5	46
2009	11	18	DE	CI	2	2	F		-7	1961	1760	0	+4	5	28
2010	03	03	DE	AR	0	1	F		-14	1947	1917	−1	0	6	7
2010	05	13	DE	MT	3	0	F		0	1947	1216	0	0	6	151
2010	05	29	HU	DE	0	3	F		-7	1608	1954	−1	+1	54	5
2010	06	03	DE	BA	3	1	F		3	1957	1642	0	0	5	50
2010	06	13	DE	AU	4	0	WC	ZA	29	1986	1746	+1	−6	4	29
2010	06	18	RS	DE	1	0	WC	ZA	45	1843	1941	+6	−2	14	6
2010	06	23	DE	GH	1	0	WC	ZA	14	1955	1716	0	−4	6	36
2010	06	27	DE	EN	4	1	WC	ZA	55	2010	1914	+1	−2	5	7
2010	07	03	DE	AR	4	0	WC	ZA	58	2068	1962	+1	−1	4	5
2010	07	07	ES	DE	1	0	WC	ZA	26	2135	2042	+1	0	1	4
2010	07	10	DE	UY	3	2	WC	ZA	19	2061	1883	0	−2	4	9
2010	08	11	DK	DE	2	2	F		6	1735	2055	0	0	33	4
2010	09	03	BE	DE	0	1	EQ		-4	1583	2059	−2	0	66	4
2010	09	07	DE	AZ	6	1	EQ		1	2060	1441	0	−2	4	102
2010	10	08	DE	TR	3	0	EQ		9	2069	1812	0	−3	4	16
2010	10	12	KZ	DE	0	3	EQ		-2	1320	2071	−1	0	128	4
2010	11	17	SE	DE	0	0	F		4	1812	2067	0	0	14	4
2011	02	09	DE	IT	1	1	F		-7	2060	1838	0	0	4	13
2011	03	26	DE	KZ	4	0	EQ		1	2061	1327	0	0	4	123
2011	03	29	DE	AU	1	2	F		-18	2043	1811	0	+3	4	16
2011	05	29	DE	UY	2	1	F		4	2047	1871	0	−1	4	11
2011	06	03	AT	DE	1	2	EQ		-4	1553	2051	+1	0	69	4
2011	06	07	AZ	DE	1	3	EQ		-3	1415	2054	−1	0	108	4
2011	08	10	DE	BR	3	2	F		7	2061	2032	0	0	3	4
2011	09	02	DE	AT	6	2	EQ		2	2063	1549	0	0	3	73
2011	09	06	PL	DE	2	2	F		7	1694	2056	0	0	39	3
2011	10	07	TR	DE	1	3	EQ		-16	1764	2072	−4	0	26	3
2011	10	11	DE	BE	3	1	EQ		3	2075	1669	0	+1	3	43
2011	11	11	UA	DE	3	3	F		6	1763	2069	+1	0	30	3
2011	11	15	DE	NL	3	0	F		13	2082	2067	+1	−1	2	3
2012	02	29	DE	FR	1	2	F		-18	2064	1857	−2	+1	4	13
2012	05	26	CH	DE	5	3	F		23	1776	2041	+4	0	25	4
2012	05	31	DE	IL	2	0	F		2	2043	1651	0	0	4	48
2012	06	09	DE	PT	1	0	EC	UA	13	2056	1852	+2	−1	2	15
2012	06	13	DE	NL	2	1	EC	UA	22	2078	1998	0	0	2	4
2012	06	17	DE	DK	2	1	EC	UA	10	2088	1821	0	0	2	16
2012	06	22	DE	GR	4	2	EC	PL	11	2099	1777	0	−2	2	24
2012	06	28	IT	DE	2	1	EC	PL	38	1940	2061	+1	0	9	2
2012	08	15	DE	AR	1	3	F		-23	2038	1979	−1	+2	3	5
2012	09	07	DE	FO	3	0	WQ		0	2038	1218	0	0	3	153
2012	09	11	AT	DE	1	2	WQ		-6	1616	2044	−1	0	55	3
2012	10	12	IE	DE	1	6	WQ		-20	1732	2064	−2	0	29	3
2012	10	16	DE	SE	4	4	WQ		-13	2051	1893	0	+2	3	11
2012	11	14	NL	DE	0	0	F		-1	1996	2052	0	0	5	3
2013	02	06	FR	DE	1	2	F		-8	1881	2060	−2	+1	14	2
2013	03	23	KZ	DE	0	3	WQ		-2	1355	2062	−1	0	122	2
2013	03	26	DE	KZ	4	1	WQ		1	2063	1354	0	+1	2	120
2013	05	29	DE	EC	4	2	F	US	8	2071	1874	0	−2	2	14
2013	06	02	US	DE	4	3	F		16	1766	2055	+5	0	25	2
2013	08	14	DE	PY	3	3	F		-9	2046	1710	0	+3	3	34
2013	09	06	DE	AT	3	0	WQ		3	2049	1626	0	+1	3	52
2013	09	10	FO	DE	0	3	WQ		-1	1192	2050	−1	0	161	3
2013	10	11	DE	IE	3	0	WQ		5	2055	1704	0	−1	3	37
2013	10	15	SE	DE	3	5	WQ		-24	1861	2079	−5	0	16	3
2013	11	15	IT	DE	1	1	F		2	1911	2077	−1	0	10	3
2013	11	19	EN	DE	0	1	F		-9	1933	2086	−1	0	7	3
2014	03	05	DE	CL	1	0	F		4	2090	1916	0	0	3	9
2014	05	13	DE	PL	0	0	F		-9	2081	1642	0	0	3	52
2014	06	01	DE	CM	2	2	F		-9	2072	1602	0	+2	3	59
2014	06	06	DE	AM	6	1	F		1	2073	1573	0	0	3	66
2014	06	16	DE	PT	4	0	WC	BR	36	2109	1906	0	−3	2	10
2014	06	21	DE	GH	2	2	WC	BR	-25	2084	1711	0	+7	2	33
2014	06	26	DE	US	1	0	WC	BR	14	2098	1864	0	0	3	13
2014	06	30	DE	DZ	2	1	WC	BR	5	2103	1673	+1	−2	2	43
2014	07	04	DE	FR	1	0	WC	BR	19	2122	1956	+1	0	1	8
2014	07	08	BR	DE	1	7	WC		-81	2038	2203	−2	0	4	1
2014	07	13	DE	AR	1	0	WC	BR	20	2223	2063	0	0	1	3
2014	09	03	DE	AR	2	4	F		-25	2198	2088	0	0	1	3
2014	09	07	DE	SQ	2	1	EQ		1	2199	1709	0	0	1	33
2014	10	11	PL	DE	2	0	EQ		56	1706	2143	+11	0	35	1
2014	10	14	DE	IE	1	1	EQ		-18	2125	1729	0	+6	1	28
2014	11	14	DE	GI	4	0	EQ		0	2125	1132	0	0	1	173
2014	11	18	ES	DE	0	1	F		-8	1952	2133	0	0	8	1
2015	03	25	DE	AU	2	2	F		-9	2124	1737	0	+3	1	30
2015	03	29	GE	DE	0	2	EQ		-2	1468	2126	0	0	92	1
2015	06	10	DE	US	1	2	F		-18	2108	1860	0	+1	1	15
2015	06	13	DE	GI	7	0	EQ	PT	0	2108	1131	0	0	1	173
2015	09	04	DE	PL	3	1	EQ		4	2112	1731	0	−4	1	34
2015	09	07	SQ	DE	2	3	EQ		-6	1699	2118	0	0	40	1
2015	10	08	IE	DE	1	0	EQ		34	1758	2084	+10	0	25	1
2015	10	11	DE	GE	2	1	EQ		1	2085	1485	0	0	1	89
2015	11	13	FR	DE	2	0	F		17	1965	2068	+1	0	7	1
2016	03	26	DE	EN	2	3	F		-15	2053	1973	0	+2	1	5
2016	03	29	DE	IT	4	1	F		6	2059	1865	0	0	1	15
2016	05	29	DE	SK	1	3	F		-27	2032	1771	−1	+9	2	25
2016	06	04	DE	HU	2	0	F		2	2034	1696	0	0	2	41
2016	06	12	DE	UA	2	0	EC	FR	18	2052	1818	0	−2	2	18
2016	06	16	DE	PL	0	0	EC	FR	-16	2036	1796	0	+3	2	21
2016	06	21	DE	EI	1	0	EC	FR	5	2041	1662	0	0	2	47
2016	06	26	DE	SK	3	0	EC	FR	15	2056	1758	0	−2	2	25
2016	07	02	DE	IT	1	1	EC	FR	-8	2048	1949	0	0	2	7
2016	07	07	FR	DE	2	0	EC		33	2020	2015	+1	−2	3	4
2016	08	31	DE	FI	2	0	F		1	2016	1574	0	−1	3	62
2016	09	04	NO	DE	0	3	WQ		-11	1610	2027	−2	0	57	2
2016	10	08	DE	CZ	3	0	WQ		6	2033	1706	+1	−1	2	40
2016	10	11	DE	EI	2	0	WQ		4	2037	1648	−1	−1	3	50
2016	11	11	SM	DE	0	8	WQ		0	878	2037	0	0	203	2
2016	11	15	IT	DE	0	0	F		0	1942	2037	+1	−1	7	3
2017	03	22	DE	EN	1	0	F		5	2042	1922	0	−1	3	10
2017	03	26	AZ	DE	1	4	WQ		-4	1436	2046	−1	0	98	3
2017	06	06	DK	DE	1	1	F		6	1725	2040	0	0	34	2
2017	06	10	DE	SM	7	0	WQ		0	2040	858	0	−1	2	205
2017	06	19	DE	AU	3	2	CC	RU	7	2047	1710	0	−2	2	37
2017	06	22	CL	DE	1	1	CC	RU	5	1979	2042	0	0	5	2
2017	06	25	DE	CM	3	1	CC	RU	8	2050	1667	0	0	2	47
2017	06	29	DE	MX	4	1	CC	RU	31	2081	1914	0	0	2	10
2017	07	02	DE	CL	1	0	CC	RU	17	2098	1945	0	−1	2	9
2017	09	01	CZ	DE	1	2	WQ		-6	1691	2104	−2	0	41	2
2017	09	04	DE	NO	6	0	WQ		2	2106	1576	0	−2	2	66
2017	10	05	EI	DE	1	3	WQ		-9	1695	2115	−1	+1	40	1
2017	10	08	DE	AZ	5	1	WQ		1	2116	1400	0	−2	1	109
2017	11	10	EN	DE	0	0	F		2	1930	2114	+3	−1	7	2
2017	11	14	DE	FR	2	2	F		-6	2108	1988	0	+1	2	5
2018	03	23	DE	ES	1	1	F		-5	2103	2035	0	0	2	3
2018	03	27	DE	BR	0	1	F		-12	2091	2130	0	0	2	1
2018	06	02	AT	DE	2	1	F		16	1748	2075	+8	0	27	2
2018	06	08	DE	SA	2	1	F		1	2076	1588	0	0	2	64
2018	06	17	MX	DE	1	0	WC	RU	47	1896	2029	+5	−1	13	3
2018	06	23	DE	SE	2	1	WC	RU	14	2043	1802	0	0	3	19
2018	06	27	KR	DE	2	0	WC	RU	80	1756	1963	+20	−5	25	7
2018	09	06	DE	FR	0	0	ENA		4	1967	2121	0	0	5	1
2018	09	09	DE	PE	2	1	F		5	1972	1879	0	−1	5	15
2018	10	13	NL	DE	3	0	ENA		31	1939	1941	+1	−3	9	8
2018	10	16	FR	DE	2	1	ENA		7	2125	1934	0	−1	2	9
2018	11	15	DE	RU	3	0	F		6	1940	1769	0	−1	9	26
2018	11	19	DE	NL	2	2	ENA		-3	1937	1985	0	0	9	5
2019	03	20	DE	RS	1	1	F		-6	1931	1819	0	0	9	19
2019	03	24	NL	DE	2	3	EQ		-28	1960	1959	−2	+1	7	8
2019	06	08	BY	DE	0	2	EQ		-8	1517	1967	−2	0	78	6
2019	06	11	DE	EE	8	0	EQ		3	1970	1459	0	−1	8	91
2019	09	06	DE	NL	2	4	EQ		-38	1932	2017	−2	+2	10	5
2019	09	09	EI	DE	0	2	EQ		-18	1662	1950	−3	+2	49	9
2019	10	09	DE	AR	2	2	F		-3	1947	1947	−1	+1	10	10
2019	10	13	EE	DE	0	3	EQ		-6	1436	1953	0	−1	96	10
2019	11	16	DE	BY	4	0	EQ		3	1956	1503	0	−3	11	81
2019	11	19	DE	EI	6	1	EQ		8	1964	1678	0	−1	11	45
2020	09	03	DE	ES	1	1	ENA		-2	1962	2030	0	0	11	4
2020	09	06	CH	DE	1	1	ENA		-1	1879	1963	0	0	15	11
2020	10	07	DE	TR	3	3	F		-7	1956	1759	0	0	12	28
2020	10	10	UA	DE	1	2	ENA		-20	1832	1976	−1	+3	19	9
2020	10	13	DE	CH	3	3	ENA		-11	1965	1870	−2	+1	11	16
2020	11	11	DE	CZ	1	0	F		3	1968	1736	0	0	10	36
2020	11	14	DE	UA	3	1	ENA		13	1981	1834	+3	−1	6	18
2020	11	17	ES	DE	6	0	ENA		26	2050	1955	0	−2	4	9
2021	03	25	DE	IS	3	0	WQ		6	1961	1627	+1	−2	8	52
2021	03	28	RO	DE	0	1	WQ		-10	1666	1971	−1	0	43	8
2021	03	31	DE	NM	1	2	WQ		-38	1933	1600	−4	+6	12	59
2021	06	02	DK	DE	1	1	F	AT	-1	1971	1934	0	0	9	12
2021	06	07	DE	LV	7	1	F		1	1935	1288	0	+1	12	136
2021	06	15	DE	FR	0	1	EC		-21	1914	2108	−2	0	13	3
2021	06	19	DE	PT	4	2	EC		42	1956	2018	+1	−1	10	5
2021	06	23	DE	HU	2	2	EC		-18	1938	1754	0	+2	10	34
2021	06	29	EN	DE	2	0	EC		23	2000	1915	0	−2	8	12
2021	09	02	DE	LI	2	0	WQ	CH	1	1916	1091	+3	0	11	179
2021	09	05	DE	AM	6	0	WQ		7	1923	1581	+1	−3	11	65
2021	09	08	IS	DE	0	4	WQ		-14	1555	1937	−4	+2	70	10
2021	10	08	DE	RO	2	1	WQ		4	1941	1663	+1	0	10	46
2021	10	11	NM	DE	0	4	WQ		-13	1560	1954	−4	0	69	10
2021	11	11	DE	LI	9	0	WQ		0	1954	1097	0	0	10	179
2021	11	14	AM	DE	1	4	WQ		-8	1498	1962	−3	0	83	10
2022	03	26	DE	IL	2	0	F		2	1964	1627	0	0	9	55
2022	03	29	NL	DE	1	1	F		-2	1938	1966	0	0	10	9
2022	06	04	IT	DE	1	1	ENA		-6	1961	1972	−1	+2	11	9
2022	06	07	DE	EN	1	1	ENA		-4	1968	2011	0	+1	10	6
2022	06	11	HU	DE	1	1	ENA		6	1757	1962	0	−1	33	10
2022	06	14	DE	IT	5	2	ENA		26	1988	1949	+2	−1	8	10
2022	09	23	DE	HU	0	1	ENA		-33	1955	1856	−1	+4	9	16
2022	09	26	EN	DE	3	3	ENA		-4	1919	1959	−1	0	13	10
2022	11	16	OM	DE	0	1	F		-3	1545	1962	−1	0	71	10
2022	11	23	JP	DE	2	1	WC	QA	44	1832	1918	+6	−4	19	13
2022	11	27	DE	ES	1	1	WC	QA	12	1930	2057	+2	0	11	3
2022	12	01	DE	CR	4	2	WC	QA	25	1955	1737	+2	−7	9	37
2023	03	25	DE	PE	2	0	F		7	1962	1843	0	−2	9	19
2023	03	28	DE	BE	2	3	F		-12	1950	1987	−1	+1	10	7
2023	06	12	DE	UA	3	3	F		-6	1944	1818	−1	0	11	22
2023	06	16	PL	DE	1	0	F		12	1795	1932	+1	0	25	10
2023	06	20	DE	CO	0	2	F		-19	1913	1951	−2	0	13	11
2023	09	09	DE	JP	1	4	F		-25	1888	1880	0	+1	13	14
2023	09	12	DE	FR	2	1	F		14	1902	2102	0	−1	13	3
2023	10	14	US	DE	1	3	F		-16	1799	1918	−1	+1	26	12
2023	10	17	DE	MX	2	2	F	US	-2	1916	1840	−1	0	13	20
2023	11	18	DE	TR	2	3	F		-17	1899	1763	−1	+5	14	29
2023	11	21	AT	DE	2	0	F		14	1835	1885	+3	0	18	14
2024	03	23	FR	DE	0	2	F		-26	2083	1911	0	+1	2	13
2024	03	26	DE	NL	2	1	F		9	1920	1968	0	0	13	10
2024	06	03	DE	UA	0	0	F		-4	1916	1867	0	0	13	15
2024	06	07	DE	GR	2	1	F		3	1919	1736	0	−2	13	38
2024	06	14	DE	SQ	5	1	EC		18	1937	1751	0	−1	13	30
2024	06	19	DE	HU	2	0	EC		15	1952	1776	+1	−6	11	26
2024	06	23	DE	CH	1	1	EC		-14	1938	1851	0	+2	11	16
2024	06	29	DE	DK	2	0	EC		18	1956	1816	+1	0	10	18
2024	07	05	DE	ES	1	2	EC		-23	1933	2112	−2	0	11	2
2024	09	07	DE	HU	5	0	ENA		17	1950	1783	+2	−2	10	25
2024	09	10	NL	DE	2	2	ENA		-6	1959	1956	0	+1	8	9
2024	10	11	BA	DE	1	2	ENA		-4	1487	1960	−1	+1	86	8
2024	10	14	DE	NL	1	0	ENA		14	1974	1940	+1	0	7	9
2024	11	16	DE	BA	7	0	ENA		3	1977	1469	0	0	8	86
2024	11	19	HU	DE	1	1	ENA		6	1778	1971	+4	0	27	8
2025	03	20	IT	DE	1	2	ENL		-29	1901	2000	−2	+2	13	6
2025	03	23	DE	IT	3	3	ENL		-13	1987	1914	−1	+1	7	12
2025	06	04	DE	PT	1	2	ENL		-32	1955	2020	−1	+2	8	4
2025	06	08	DE	FR	0	2	ENL		-42	1913	2055	−1	+1	9	3
2025	09	04	SK	DE	2	0	WQ		42	1707	1871	+9	−4	42	14
2025	09	07	DE	EI	3	1	WQ		6	1877	1585	0	−2	14	65
2025	10	10	DE	LU	4	0	WQ		3	1880	1413	−1	−1	15	101
2025	10	13	EI	DE	0	1	WQ		-11	1607	1891	−1	0	60	15
2025	11	14	LU	DE	0	2	WQ		-6	1401	1897	−2	+1	105	14
2025	11	17	DE	SK	6	0	WQ		13	1910	1687	+2	−4	13	48