1957	10	19	IQ	MA	3	3	PAR	LB	1	1677	1699	−1	−	31	26
1957	10	21	MA	LY	5	1	PAR	LB	16	1715	1458	+2	−5	24	77
1957	10	23	MA	TN	3	1	PAR	LB	28	1743	1669	+3	−7	21	34
1957	10	26	MA	SY	1	1	PAR	LB	-17	1726	1340	−1	+2	22	99
1958	04	03	MA	LY	3	1	F		3	1729	1440	0	0	23	81
1958	05	09	DZ	MA	2	1	DBT	TN	18	1681	1711	+3	−4	31	27
1958	05	11	MA	LY	2	1	DBT	TN	5	1716	1426	+1	−1	26	83
1959	00	00	MA	SY	1	0	F		2	1718	1391	0	−2	27	94
1959	11	15	TN	MA	2	0	OQ		37	1571	1681	+4	−6	52	35
1959	12	27	MA	TN	3	1	OQ		14	1695	1557	+1	−2	34	54
1960	01	01	MA	YU	0	5	F		-15	1680	1905	−1	0	35	10
1960	10	30	MA	TN	2	1	WQ		7	1687	1510	+1	−1	31	66
1960	11	13	TN	MA	2	1	WQ		24	1534	1663	+6	−5	60	36
1960	12	11	MA	DD	2	3	F		-16	1647	1525	−4	+3	40	63
1961	01	22	MA	TN	1	1	WQ	IT	-8	1639	1503	−1	+1	40	70
1961	04	02	GH	MA	0	0	WQ		-13	1786	1652	−3	+1	17	37
1961	05	28	MA	GH	1	0	WQ		21	1673	1747	+5	−3	32	21
1961	06	18	YU	MA	3	2	F		2	1938	1671	0	−2	9	34
1961	06	21	DD	MA	1	2	F		-9	1526	1680	−4	+2	64	32
1961	09	03	MA	LB	1	0	PAR		2	1682	1270	+1	−1	31	115
1961	09	04	MA	LY	6	2	PAR		8	1690	1402	0	−1	31	92
1961	09	06	MA	SA	13	1	PAR		7	1697	1311	+1	−1	30	108
1961	09	08	MA	KW	3	1	PAR		3	1700	1258	0	0	30	118
1961	09	10	MA	RR	2	2	PAR		-6	1694	1695	−2	+1	32	31
1961	10	11	CH	MA	8	1	F		19	1665	1675	+2	−2	37	32
1961	11	12	MA	ES	0	1	WQ		-11	1664	1961	−4	+1	37	5
1961	11	23	ES	MA	3	2	WQ		4	1965	1660	0	0	5	37
1961	12	10	MA	DD	2	0	F		6	1666	1510	0	−3	37	65
1962	02	11	MA	CH	3	1	F		13	1679	1712	+4	−1	32	24
1962	04	15	MA	PL	1	3	F		-18	1661	1723	−6	+3	38	23
1962	09	30	RO	MA	4	0	F		13	1681	1648	+2	−2	30	36
1962	10	11	PL	MA	1	1	F		-3	1667	1651	0	0	32	36
1962	12	23	MA	RO	3	1	F		13	1664	1693	+3	−2	33	28
1963	01	13	MA	CH	1	0	F		6	1670	1610	+2	0	32	44
1963	03	01	MA	HU	0	1	F		-4	1666	1991	−2	0	34	3
1963	03	03	MA	HU	1	2	F		-4	1662	1995	−1	0	35	3
1963	06	15	TN	MA	4	1	FQ		33	1611	1629	+6	−4	46	40
1963	07	02	MA	TN	4	2	FQ		20	1649	1591	+2	−5	38	51
1963	09	21	MA	SY	1	0	MDG	IT	9	1658	1426	0	−2	37	85
1963	09	25	MA	TN	1	0	MDG	IT	16	1674	1575	+2	−2	35	53
1963	11	16	NG	MA	3	0	OQ		32	1635	1642	+7	−3	42	37
1963	12	01	MA	SU	1	1	F		7	1649	2007	+2	0	36	1
1963	12	29	MA	WG	1	4	F		-9	1640	1934	−4	+3	39	5
1964	03	08	MA	NG	4	1	OQ		18	1658	1537	+5	−4	34	63
1964	03	26	MA	NG	2	1	OQ	SN	13	1671	1524	+1	−7	33	68
1964	04	25	MA	UY	0	1	F		-7	1664	1877	−1	0	33	13
1964	05	10	ET	MA	0	1	OQ		-21	1554	1685	−8	+4	57	31
1964	05	24	MA	ET	1	0	OQ		8	1693	1525	0	−5	31	67
1964	10	13	YU	MA	3	1	OG	JP	19	1946	1674	+3	−1	4	32
1965	02	28	TN	MA	0	0	F		0	1574	1674	0	0	52	33
1965	03	12	MA	KW	2	0	TIF	LY	3	1677	1198	0	−1	33	133
1965	03	14	MA	TN	0	0	TIF	LY	-4	1673	1594	0	+3	33	45
1965	03	19	LY	MA	1	0	TIF		19	1496	1654	+4	−4	73	37
1965	05	02	MA	TN	0	1	F		-14	1640	1615	−3	+1	37	46
1965	10	31	DZ	MA	0	0	F		-4	1683	1644	−1	0	32	39
1966	03	06	MA	DZ	1	0	F		8	1652	1675	+1	−1	37	34
1966	03	12	LY	MA	4	0	TIF		32	1535	1620	+8	−4	59	41
1966	03	15	MA	IQ	1	0	TIF	LY	15	1635	1605	+2	−6	39	47
1966	03	18	MA	TN	1	0	TIF	LY	13	1648	1578	+2	−1	37	50
1966	03	19	MA	IQ	2	1	TIF	LY	14	1662	1615	+1	−5	36	45
1966	04	19	CH	MA	6	4	F		12	1650	1650	+1	−1	38	38
1966	11	24	DZ	MA	2	2	F		-4	1688	1654	−2	0	33	38
1967	02	22	WG	MA	5	1	F		2	2045	1652	0	−1	2	38
1967	09	12	DZ	MA	3	1	MDG	TN	24	1751	1628	+4	−5	23	41
1967	11	05	MA	TN	1	1	OQ		-7	1621	1614	−1	+2	42	44
1967	11	26	TN	MA	0	0	OQ		-5	1609	1626	−1	+2	46	41
1968	03	17	MA	DZ	0	0	F		-2	1624	1671	0	0	40	37
1968	06	09	MA	GH	1	1	OQ		4	1628	1783	0	0	41	18
1968	06	30	GH	MA	1	2	OQ		-33	1750	1661	−3	+5	21	36
1968	11	03	MA	SN	1	0	WQ		12	1673	1603	+3	−3	34	48
1969	01	05	SN	MA	2	1	WQ		19	1613	1654	+5	−5	45	38
1969	02	09	MA	HU	1	4	F		-8	1646	1985	−2	0	40	5
1969	02	13	MA	SN	2	0	WQ	ES	26	1672	1579	+7	−5	33	54
1969	03	09	DZ	MA	2	0	FQ		25	1655	1647	+8	−8	35	41
1969	03	23	MA	DZ	1	0	FQ		15	1662	1640	+8	−6	34	42
1969	04	27	TN	MA	0	0	WQ		-2	1590	1664	0	+1	50	34
1969	05	18	MA	TN	0	0	WQ		-9	1655	1599	−1	0	36	49
1969	06	13	MA	TN	2	2	WQ	FR	-3	1652	1602	−1	0	38	49
1969	09	21	MA	NG	2	1	WQ		11	1663	1579	+2	−2	36	53
1969	10	10	SD	MA	0	0	WQ		-5	1644	1668	−1	+2	41	35
1969	10	26	MA	SD	3	0	WQ		23	1691	1621	0	−6	34	46
1969	10	30	DZ	MA	1	0	F		9	1641	1682	+3	0	40	34
1969	11	08	NG	MA	2	0	WQ		29	1617	1653	+5	−2	47	36
1969	11	09	CI	MA	1	0	F		5	1735	1648	+2	−1	28	37
1969	12	28	MA	BG	3	0	F		23	1671	1839	+2	0	36	10
1970	06	03	WG	MA	2	1	WC	MX	8	2006	1663	0	0	4	37
1970	06	06	PE	MA	3	0	WC	MX	42	1775	1621	+7	−8	20	45
1970	06	11	BG	MA	1	1	WC	MX	-11	1749	1632	−1	+3	24	42
1970	12	10	DZ	MA	3	1	FQ		24	1630	1608	+5	−5	44	48
1970	12	27	MA	DZ	3	0	FQ		27	1635	1603	+3	−5	44	49
1971	03	14	MA	EG	3	0	FQ		35	1670	1704	+4	−3	39	30
1971	03	28	MA	NE	5	2	OQ		2	1672	1121	0	0	39	145
1971	04	16	EG	MA	3	2	FQ		12	1732	1660	+1	−1	28	40
1971	04	25	NE	MA	1	3	OQ		-4	1117	1664	0	0	145	40
1971	09	11	MA	MX	2	1	F		8	1672	1688	0	−3	39	36
1971	10	08	MA	EG	1	0	MDG	TR	22	1694	1691	+5	−7	34	37
1972	01	30	MA	RO	2	4	F		-14	1680	1835	−1	0	36	13
1972	02	17	SN	MA	1	3	F		-15	1556	1695	−4	+1	60	35
1972	02	20	NG	MA	3	0	F		19	1580	1676	+2	−1	56	36
1972	02	25	CG	MA	1	1	AR	CM	4	1618	1672	+3	−1	42	37
1972	02	27	MA	SD	1	1	AR	CM	2	1674	1694	0	0	37	35
1972	02	29	MA	ZR	1	1	AR	CM	6	1680	1749	+2	−3	35	27
1972	04	23	TN	MA	3	3	OQ		-2	1616	1682	−1	+1	46	34
1972	04	30	MA	ML	2	1	OQ		10	1692	1590	0	−2	34	54
1972	05	14	MA	TN	0	0	OQ		-10	1682	1602	−1	+2	36	51
1972	05	21	ML	MA	1	4	OQ		-38	1576	1720	−8	+4	55	32
1972	08	31	MA	MY	6	0	OG	WG	25	1745	1446	+2	−7	27	79
1972	09	03	SU	MA	3	0	OG	WG	27	1959	1718	+1	−3	5	30
1972	09	05	DK	MA	3	1	OG	WG	47	1750	1671	+6	−5	27	35
1972	09	08	PL	MA	5	0	OG	WG	26	1922	1645	+2	−2	7	37
1972	11	19	MA	SN	0	0	WQ		-9	1636	1578	−4	+1	42	54
1972	12	03	SN	MA	1	2	WQ		-22	1555	1658	−4	+3	57	37
1973	02	11	GN	MA	1	1	WQ		-8	1695	1666	−2	+4	33	36
1973	02	17	MA	SN	3	1	F		6	1672	1535	0	0	36	60
1973	02	25	MA	GN	2	0	WQ		23	1695	1672	+5	−3	31	35
1973	05	20	CI	MA	1	1	WQ		-2	1621	1697	−1	0	44	32
1973	06	03	MA	CI	4	1	WQ		19	1716	1602	+3	−2	28	47
1973	10	21	ZM	MA	4	0	WQ		46	1577	1670	+10	−4	52	33
1973	10	31	DZ	MA	2	0	F		15	1582	1655	+3	−2	52	35
1973	11	25	MA	ZM	2	0	WQ		14	1669	1530	+2	−1	35	62
1973	12	09	ZR	MA	3	0	WQ		19	1762	1650	0	−4	28	39
1974	02	22	IQ	MA	0	0	F		-1	1574	1651	0	0	54	38
1974	02	24	IQ	MA	0	0	F		-1	1573	1652	−1	+1	55	37
1974	02	25	KW	MA	0	2	F		-9	1388	1661	−2	+1	94	36
1974	02	27	QA	MA	0	1	F		-1	972	1662	0	0	162	36
1974	03	01	BH	MA	0	1	F		-2	1176	1664	0	−1	138	37
1974	03	01	SA	MA	0	0	F		6	1322	1658	+2	−1	109	37
1974	04	07	MA	DZ	2	0	F		8	1666	1568	+1	−2	35	54
1974	09	27	MA	JO	2	1	KUN	SY	1	1667	1126	+1	−2	34	145
1974	09	29	MA	EG	4	2	KUN	SY	22	1689	1642	+2	−2	32	38
1974	10	01	MA	TN	3	1	KUN	SY	23	1712	1677	+4	−2	28	32
1974	10	03	MA	LB	3	0	KUN	SY	6	1718	1355	0	−1	28	106
1974	10	05	MA	DZ	1	0	KUN	SY	8	1726	1527	0	−2	28	60
1974	10	07	MA	SD	2	0	KUN	SY	11	1737	1509	0	−4	28	67
1974	10	09	SY	MA	1	1	KUN		4	1550	1733	+3	0	54	28
1974	10	31	DZ	MA	0	0	F		3	1530	1730	+1	0	60	28
1974	11	24	MA	GM	3	0	FQ		3	1733	1300	0	0	28	116
1974	12	07	GM	MA	0	3	FQ		-9	1291	1742	−1	0	118	27
1975	02	23	MA	LY	2	1	OQ		3	1745	1391	+2	−1	25	95
1975	03	02	MA	TN	0	0	NOA		-8	1737	1641	−2	0	27	39
1975	03	14	LY	MA	0	1	OQ		-8	1383	1745	0	+2	95	25
1975	03	22	MA	SN	4	0	FQ		9	1754	1498	0	−1	25	67
1975	04	13	SN	MA	2	1	FQ		28	1526	1726	+5	−3	63	28
1975	06	29	GH	MA	2	0	FQ		29	1662	1697	+2	−2	38	31
1975	07	13	MA	GH	2	0	FQ		19	1716	1643	+1	−3	30	42
1975	08	31	MA	TN	0	0	MDG	DZ	-4	1712	1650	0	+2	29	39
1975	09	06	MA	TN	1	1	MDG	DZ	-5	1707	1635	0	0	29	41
1975	11	30	TN	MA	0	1	OQ		-22	1613	1729	−4	0	46	28
1975	12	14	MA	TN	1	0	OQ		9	1738	1604	0	0	28	46
1976	02	20	SA	MA	0	2	F		-4	1320	1742	0	0	111	27
1976	03	01	MA	SD	2	2	AR	ET	-13	1729	1552	0	+1	27	57
1976	03	04	MA	ZR	1	0	AR	ET	18	1747	1616	0	−2	27	46
1976	03	06	MA	NG	3	1	AR	ET	32	1779	1660	+5	−6	22	39
1976	03	09	MA	EG	2	1	AR	ET	19	1798	1680	+2	−3	20	32
1976	03	11	MA	NG	2	1	AR	ET	16	1814	1645	+1	−1	19	40
1976	03	14	GN	MA	1	1	AR	ET	7	1720	1807	0	0	29	19
1976	04	03	NG	MA	3	1	OQ		33	1703	1774	+3	−4	30	23
1976	04	18	MA	NG	1	0	OQ		11	1785	1692	+3	−2	21	32
1976	09	12	SA	MA	4	1	F		32	1289	1753	+8	−5	115	25
1976	09	15	SA	MA	2	0	F		27	1316	1726	+3	−4	111	29
1976	10	08	MA	PS	3	0	PAR	SY	4	1730	1220	0	0	29	130
1976	10	10	MA	SA	0	0	PAR	SY	-17	1713	1336	0	+3	29	107
1976	10	12	MA	JO	3	0	PAR	SY	2	1715	1131	0	0	29	146
1976	10	14	MA	DY	4	0	PAR	SY	5	1720	1258	+1	0	28	122
1976	10	16	MA	MR	2	0	PAR	SY	1	1721	930	0	0	29	167
1976	10	18	SY	MA	0	0	PAR		9	1463	1712	+3	0	78	29
1976	12	12	MA	TN	1	1	WQ		-10	1702	1632	−2	0	31	44
1977	01	09	TN	MA	1	1	WQ		-2	1630	1704	0	0	43	31
1977	02	05	GA	MA	0	1	F		-4	1357	1708	0	0	103	31
1977	04	06	MA	GA	5	1	F		3	1711	1354	0	0	30	102
1977	05	28	SN	MA	3	2	F		12	1548	1699	0	−1	59	31
1977	07	25	CN	MA	3	2	FRT		17	1581	1682	+5	−3	48	34
1977	12	09	IQ	MA	3	0	F		20	1561	1662	+5	−3	54	37
1977	12	26	MA	IQ	0	0	F		-5	1657	1566	−2	+1	38	52
1978	01	18	LY	MA	0	1	F		-5	1383	1662	−2	+2	95	36
1978	02	26	MA	SU	2	3	F		-6	1656	1911	−3	+1	40	11
1978	03	06	MA	TN	1	1	AR	GH	1	1657	1672	0	0	40	36
1978	03	09	MA	CG	1	0	AR	GH	15	1672	1494	+4	−1	36	67
1978	03	11	UG	MA	3	0	AR	GH	61	1584	1611	+12	−9	50	46
1979	02	18	MR	MA	2	2	FQ		19	930	1592	+4	−5	167	51
1979	04	08	MA	MR	4	1	FQ		1	1593	929	0	−1	51	167
1979	04	15	MA	SN	1	0	OQ		15	1608	1590	+2	−4	49	51
1979	04	29	SN	MA	1	0	OQ		15	1605	1593	+3	−2	48	50
1979	06	24	MA	TG	7	0	FQ		19	1612	1440	+3	−4	48	82
1979	07	06	TG	MA	2	1	FQ		24	1464	1588	+7	−3	76	51
1979	09	23	EG	MA	0	0	MDG	YU	-3	1640	1591	0	0	39	53
1979	12	09	MA	DZ	1	5	OQ		-47	1544	1649	−10	+6	63	42
1979	12	21	DZ	MA	3	0	OQ		16	1665	1528	+3	0	38	64
1980	02	12	CI	MA	4	4	F		-3	1536	1531	0	0	64	65
1980	02	17	MA	PL	1	0	F		18	1549	1959	+2	−1	63	7
1980	02	25	MA	SN	3	2	F		8	1557	1571	+4	−1	59	55
1980	02	27	MA	TN	0	0	F		0	1557	1656	−1	0	60	41
1980	03	09	GN	MA	1	1	AR	NG	0	1554	1557	0	0	61	58
1980	03	13	DZ	MA	1	0	AR	NG	17	1682	1540	+4	−5	35	63
1980	03	16	MA	GH	1	0	AR	NG	35	1575	1651	+8	−8	55	42
1980	03	19	NG	MA	1	0	AR		12	1692	1563	+2	−1	34	56
1980	03	21	MA	EG	2	0	AR	NG	47	1610	1607	+10	−7	46	48
1980	06	08	TN	MA	0	1	F		-14	1658	1624	−3	+2	40	46
1980	06	22	SN	MA	0	1	WQ		-22	1539	1646	−7	+2	63	44
1980	07	06	MA	SN	0	0	WQ		-12	1634	1520	−2	+3	45	64
1980	10	15	MY	MA	2	0	MRD		32	1415	1602	+5	−4	89	47
1980	10	17	MA	TH	2	1	MRD	MY	6	1608	1360	0	−1	47	98
1980	10	20	BU	MA	2	2	MRD	MY	9	1364	1599	+1	−1	98	48
1980	10	23	MA	KR	1	1	MRD	MY	7	1606	1755	+1	−2	47	25
1980	10	26	MA	NZ	3	0	MRD	MY	19	1625	1488	+5	−3	42	74
1980	10	29	MA	ID	2	0	MRD	MY	5	1630	1275	0	0	42	117
1980	10	31	MA	KW	3	0	MRD	MY	24	1654	1579	+3	−5	39	51
1980	11	02	MY	MA	1	2	MRD		-11	1444	1665	−2	+1	82	37
1980	11	16	MA	ZM	2	0	WQ		12	1677	1503	+2	−5	34	69
1980	11	30	ZM	MA	2	0	WQ		38	1524	1639	+10	−9	64	42
1981	02	15	MA	SY	3	0	F		3	1642	1352	+1	0	41	100
1981	03	08	MA	IQ	1	1	F		-1	1641	1722	0	0	41	27
1981	03	22	MA	LR	3	1	FQ		7	1648	1384	0	−3	41	96
1981	04	04	LR	MA	0	5	FQ		-22	1362	1670	−3	+4	99	37
1981	04	26	MA	EG	1	0	WQ		13	1683	1625	+3	−1	34	44
1981	05	08	EG	MA	0	0	WQ		-2	1623	1685	0	0	45	33
1981	08	16	MA	ZM	2	1	FQ		9	1694	1570	0	−1	33	53
1981	08	30	ZM	MA	2	0	FQ		32	1602	1662	+6	−5	47	38
1981	09	27	MA	TN	2	2	F		-3	1659	1675	−1	0	39	36
1981	11	01	SN	MA	2	0	F		16	1541	1643	+4	−1	61	41
1981	11	15	MA	CM	0	2	WQ		-45	1598	1595	−3	+8	45	48
1981	11	29	CM	MA	2	1	WQ		15	1610	1583	+3	−5	45	50
1982	05	12	MA	SN	2	1	F		6	1589	1536	+3	−1	50	61
1982	05	21	KW	MA	3	3	F		-4	1629	1593	−1	0	41	50
1982	07	23	CN	MA	3	3	FRT		-5	1605	1598	0	+1	46	47
1982	07	25	HK	MA	0	0	FRT	CN	9	1353	1589	+4	−1	97	48
1982	10	03	SA	MA	2	1	F		13	1405	1576	+1	−4	89	53
1983	03	09	SN	MA	1	0	F		9	1513	1567	+4	−2	66	56
1983	03	10	SN	MA	0	0	F		-1	1512	1568	−2	0	68	56
1983	03	23	TN	MA	1	0	F		7	1600	1561	+1	0	48	56
1983	04	10	MA	ML	4	0	FQ		22	1583	1491	+4	−7	53	73
1983	04	24	ML	MA	2	0	FQ		30	1508	1553	+5	−6	69	59
1983	05	15	GN	MA	0	0	OQ		-3	1495	1556	0	0	73	59
1983	05	29	MA	GN	3	0	OQ		20	1576	1475	+4	−5	54	79
1983	08	14	NG	MA	0	0	FQ		-3	1519	1579	+1	+1	64	52
1983	08	28	MA	NG	0	0	FQ		-9	1570	1528	−3	+1	55	64
1983	09	13	MA	LY	2	0	MDG		23	1593	1561	+10	−8	45	57
1983	09	15	MA	EG	2	1	MDG		18	1611	1633	+3	−1	42	40
1983	09	25	MA	SN	1	0	OQ		12	1623	1543	+1	−2	41	62
1983	10	09	SN	MA	1	1	OQ		-1	1542	1624	−1	+1	63	41
1984	01	15	CI	MA	3	3	F		-1	1545	1625	0	+1	62	40
1984	02	04	MA	BG	1	1	F		1	1626	1763	0	0	40	27
1984	02	11	NG	MA	0	0	OQ		-2	1552	1628	0	0	61	40
1984	02	26	MA	NG	0	0	OQ		-9	1619	1561	−2	+1	41	60
1984	06	23	MA	SN	2	1	F		4	1623	1491	0	−1	42	70
1984	06	30	SL	MA	0	1	WQ		-10	1329	1633	−3	+3	104	39
1984	07	15	MA	SL	4	0	WQ		7	1640	1322	+1	−2	39	106
1984	08	01	MA	SA	1	0	OG	US	26	1666	1567	+2	−9	37	56
1984	10	24	MA	CA	3	2	F		6	1672	1600	0	0	36	44
1985	01	02	LY	MA	0	0	F		0	1568	1672	0	0	58	35
1985	01	31	IN	MA	0	1	NGC		-4	1209	1676	−3	0	137	34
1985	02	02	SU	MA	1	0	NGC	IN	6	1980	1670	0	0	2	34
1985	04	07	MA	MW	2	0	WQ		15	1685	1560	+5	−4	32	58
1985	04	21	MW	MA	0	0	WQ		2	1556	1683	0	0	57	33
1985	07	12	EG	MA	0	0	WQ		-4	1650	1687	0	0	40	34
1985	07	28	MA	EG	2	0	WQ		19	1706	1631	+1	−3	34	42
1985	08	04	MA	SO	3	0	PAR		2	1708	1178	0	−1	34	143
1985	08	07	MA	TN	2	2	PAR		-9	1699	1642	0	+2	33	40
1985	08	10	MA	MR	3	0	PAR		1	1700	1070	0	0	33	157
1985	08	13	MA	DZ	1	0	PAR		11	1711	1626	0	−3	33	44
1985	08	16	MA	IQ	0	1	PAR		-26	1685	1726	−1	+2	34	32
1985	08	25	MA	ZR	1	0	FQ		11	1696	1616	0	0	34	44
1985	09	08	ZR	MA	0	0	FQ		-1	1615	1697	−1	0	45	34
1985	10	06	MA	LY	3	0	WQ		16	1713	1564	+1	−4	33	57
1985	10	18	LY	MA	1	0	WQ		22	1608	1691	+6	−1	46	34
1986	02	19	MA	BG	0	0	F		1	1692	1816	0	+1	32	21
1986	03	08	DZ	MA	0	0	AR	EG	3	1660	1689	0	0	38	33
1986	03	11	CM	MA	1	1	AR	EG	6	1609	1683	+3	0	45	33
1986	03	14	MA	ZM	1	0	AR	EG	18	1701	1558	0	−3	33	60
1986	03	17	EG	MA	1	0	AR		24	1640	1677	+4	−1	41	34
1986	03	20	CI	MA	3	2	AR	EG	31	1625	1646	+4	−5	45	39
1986	04	23	EI	MA	2	1	F		3	1852	1643	+1	−1	15	38
1986	06	02	MA	PL	0	0	WC	MX	13	1656	1792	+1	−2	36	27
1986	06	06	EN	MA	0	0	WC	MX	-20	1926	1676	−2	+3	5	33
1986	06	11	MA	PT	3	1	WC	MX	62	1738	1754	+3	−8	30	29
1986	06	17	WG	MA	1	0	WC	MX	16	1927	1722	+1	−2	7	32
1987	06	09	AU	MA	1	0	PRS	KR	18	1679	1704	+3	−2	36	33
1987	07	29	LR	MA	2	1	IND		24	1396	1680	+4	−4	90	38
1987	11	01	CI	MA	0	0	OQ		-4	1646	1684	0	+1	43	35
1987	11	15	MA	CI	2	1	OQ		12	1696	1634	+1	−1	33	44
1988	01	17	TN	MA	1	0	OQ		26	1518	1670	+6	−1	68	34
1988	01	30	MA	TN	2	2	OQ		-12	1658	1530	−4	+2	39	66
1988	02	02	MA	AT	3	1	FT	FR	29	1687	1724	+6	−4	33	31
1988	02	05	FR	MA	2	1	FT	MC	8	1873	1679	+1	−1	12	34
1988	03	02	MA	DD	2	1	F		11	1690	1817	+1	0	33	18
1988	03	13	MA	ZR	1	1	AR		-14	1676	1594	−3	+1	36	51
1988	03	16	MA	DZ	1	0	AR		15	1691	1608	+3	−4	33	49
1988	03	19	MA	CI	0	0	AR		-10	1681	1648	−1	0	35	43
1988	03	23	MA	CM	0	1	AR		-33	1648	1696	−7	+7	42	33
1988	03	26	MA	DZ	1	1	AR		-8	1640	1638	−1	0	43	44
1988	12	06	MA	EG	0	0	F		-2	1638	1670	−2	+1	44	37
1988	12	15	MA	GA	5	2	F		6	1644	1458	0	0	41	79
1988	12	22	MA	GN	1	0	F		3	1647	1451	0	−1	40	82
1989	01	08	MA	ZM	1	0	WQ		13	1660	1614	+1	0	39	43
1989	01	22	TN	MA	2	1	WQ		25	1499	1635	+7	−2	67	41
1989	03	22	DZ	MA	1	1	F		-3	1632	1638	−3	0	44	41
1989	03	31	SN	MA	2	1	F		10	1553	1628	+1	−3	61	44
1989	04	09	ML	MA	0	0	FQ		7	1405	1621	0	−1	91	45
1989	04	23	MA	ML	1	1	FQ		-14	1607	1419	−1	+4	47	88
1989	05	24	MA	DZ	1	0	F		8	1615	1630	+1	−2	46	45
1989	06	11	ZR	MA	0	0	WQ		-3	1564	1618	−1	+1	56	47
1989	06	25	ZM	MA	2	1	WQ		13	1653	1605	+1	+1	40	46
1989	08	13	MA	TN	0	0	WQ		-12	1593	1480	−2	+5	50	70
1989	08	27	MA	ZR	1	1	WQ		-8	1585	1564	−2	+3	51	56
1990	02	21	MA	CI	2	1	F		9	1594	1639	+1	−3	48	42
1990	05	09	MA	AE	3	1	F		7	1601	1466	0	−1	48	71
1990	08	09	TN	MA	0	0	F		1	1475	1600	0	0	70	49
1990	08	19	MA	NE	2	0	FQ		7	1607	1332	0	−1	49	107
1990	09	02	MA	MR	4	0	FQ		2	1609	1096	0	−1	49	160
1990	09	12	IE	MA	1	0	F		2	1877	1607	+2	0	11	49
1990	12	19	MA	SN	0	0	F		-4	1603	1546	0	0	50	60
1991	01	13	MA	CI	3	1	FQ		24	1627	1613	+5	−6	45	49
1991	01	27	NE	MA	1	0	FQ		30	1368	1597	+7	−5	99	50
1991	03	27	MA	GR	0	0	F		0	1597	1708	0	0	50	33
1991	04	03	DZ	MA	2	2	F		-6	1754	1603	−2	+1	27	49
1991	04	12	MR	MA	0	2	FQ		-5	1081	1608	−1	0	163	49
1991	07	28	CI	MA	2	0	FQ		20	1652	1588	+5	−2	41	51
1991	12	04	MA	ML	3	0	F		5	1593	1382	+2	−1	52	97
1991	12	26	MA	DZ	1	1	F		1	1594	1740	+1	0	53	28
1992	01	12	CM	MA	1	0	AR	SN	19	1692	1575	0	−3	36	57
1992	01	14	MA	ZR	1	1	AR	SN	-1	1574	1561	0	0	57	59
1992	03	18	MA	US	3	1	F		15	1589	1657	+3	−5	56	42
1992	10	04	ML	MA	2	1	FQ		24	1436	1565	+7	−5	95	63
1992	10	11	MA	ET	5	0	WQ		16	1581	1410	+2	−4	61	101
1992	10	25	BJ	MA	0	1	WQ		-6	1168	1587	−3	+2	161	59
1992	11	08	MA	EG	0	0	FQ		-1	1586	1670	0	−1	59	35
1992	12	20	TN	MA	1	1	WQ		-3	1538	1589	0	0	66	57
1993	01	17	ET	MA	0	1	WQ		-14	1369	1603	−4	+1	112	55
1993	01	31	MA	BJ	5	0	WQ		3	1606	1144	+2	0	53	164
1993	02	28	MA	TN	0	0	WQ		-7	1599	1592	−2	+1	55	57
1993	04	11	MA	MW	0	1	FQ		-33	1566	1474	−8	+8	61	85
1993	04	18	MA	SN	1	0	WQ		13	1579	1519	+3	−3	59	74
1993	04	25	MA	ML	1	0	FQ		8	1587	1423	+1	−1	58	95
1993	07	04	ZM	MA	2	1	WQ		13	1621	1574	+6	−3	45	64
1993	07	11	EG	MA	1	1	FQ		-12	1690	1586	0	+2	31	62
1993	07	17	SN	MA	1	3	WQ		-34	1494	1620	−9	+15	80	46
1993	07	25	MW	MA	0	2	FQ		-22	1409	1642	−2	+5	100	43
1993	09	15	MA	ML	3	0	F		6	1648	1466	+3	−3	40	91
1993	09	22	MA	DZ	0	0	F		-4	1644	1621	−1	+1	41	50
1993	10	01	MA	GA	1	0	F	FR	5	1649	1464	+1	−4	40	91
1993	10	10	MA	ZM	1	0	WQ		14	1663	1636	+5	−7	35	46
1994	02	02	EG	MA	1	1	FRT	AE	1	1645	1662	+1	0	42	38
1994	02	04	AE	MA	1	1	FRT		3	1493	1659	0	−1	83	39
1994	02	06	MA	SK	2	1	FRT	AE	15	1674	1645	+4	−4	35	42
1994	02	23	MA	FI	0	0	F		-6	1668	1555	−3	+2	37	67
1994	03	23	LU	MA	1	2	F		-2	1170	1670	0	+1	163	36
1994	04	20	AR	MA	3	1	SLT		5	1923	1665	0	−1	8	38
1994	06	01	CA	MA	1	1	F		-1	1598	1666	−1	0	58	39
1994	06	19	BE	MA	1	0	WC	US	17	1841	1649	+2	−4	20	43
1994	06	25	SA	MA	2	1	WC	US	32	1663	1617	+9	−9	40	53
1994	06	29	NL	MA	2	1	WC	US	8	1963	1609	+2	−4	3	56
1994	09	04	BF	MA	2	1	FQ		28	1389	1581	+9	−8	106	62
1994	11	07	MA	CM	1	1	F		-1	1580	1652	0	0	61	39
1994	11	13	MA	CI	1	0	FQ		19	1599	1649	+6	−2	56	39
1995	03	01	MA	SN	2	0	F		5	1604	1419	0	−1	53	100
1995	03	23	MA	ML	3	0	F		6	1610	1426	+2	−1	51	97
1995	04	09	MA	BF	0	0	FQ		-14	1596	1406	−2	+4	54	103
1995	05	18	MA	EG	0	0	F		-2	1594	1621	−1	+1	56	47
1995	06	04	CI	MA	2	0	FQ		21	1628	1573	+6	−4	46	62
1995	11	15	MA	ML	2	0	F		4	1577	1365	+2	0	59	116
1996	01	03	MA	TN	3	1	F		10	1587	1556	+3	0	57	65
1996	01	17	MA	AM	6	0	F	FR	6	1593	1279	0	−2	57	137
1996	02	07	MA	LU	2	0	F		2	1595	1255	0	−1	59	141
1996	03	20	MA	EG	2	0	FRT	AE	24	1619	1588	+10	−10	49	59
1996	03	23	MA	KR	2	2	FRT	AE	-1	1618	1600	0	+2	49	54
1996	03	26	AE	MA	1	0	FRT		14	1554	1604	+5	−1	65	50
1996	08	29	MA	ZR	7	0	F		12	1616	1512	+4	−1	49	74
1996	10	04	EG	MA	1	1	FQ		-5	1606	1621	0	+2	53	47
1996	11	09	MA	SL	4	0	WQ		11	1632	1413	+2	−4	46	103
1996	12	11	MA	HR	2	2	KHC		7	1639	1887	+1	0	43	12
1996	12	12	MA	NG	2	0	KHC		25	1664	1758	+4	−1	39	26
1997	01	12	GH	MA	2	2	WQ		0	1556	1664	0	0	65	41
1997	02	22	SN	MA	0	0	FQ		6	1455	1658	+5	0	87	41
1997	04	06	GA	MA	0	4	WQ		-28	1440	1686	−9	+4	94	38
1997	04	26	SL	MA	0	1	WQ		-11	1417	1697	−3	+2	100	37
1997	05	31	MA	ET	4	0	FQ		5	1702	1315	+2	−1	33	127
1997	06	07	MA	GH	1	0	WQ		9	1711	1566	+2	−4	31	65
1997	06	21	MA	EG	1	0	FQ		8	1719	1568	+2	−5	30	65
1997	07	13	ET	MA	0	1	FQ		-5	1295	1724	−2	+2	135	28
1997	07	27	MA	SN	3	0	FQ		7	1731	1433	+1	−5	28	96
1997	08	17	MA	GA	2	0	WQ		6	1737	1433	+1	−5	27	96
1997	10	09	BR	MA	2	0	F		1	2151	1736	0	0	1	30
1997	11	26	MA	TG	3	0	F		2	1738	1382	0	−1	30	111
1998	01	14	MA	AO	2	1	F		3	1741	1534	0	0	31	68
1998	02	05	MA	NE	3	0	F		2	1743	1329	0	0	31	127
1998	02	09	MA	ZM	1	1	AR	BF	-7	1736	1651	0	+1	32	46
1998	02	13	MA	MZ	3	0	AR	BF	10	1746	1367	+1	−5	31	116
1998	02	17	MA	EG	1	0	AR	BF	19	1765	1637	+5	−2	26	48
1998	02	22	ZA	MA	2	1	AR	BF	33	1676	1732	+5	−8	41	34
1998	04	22	BG	MA	2	1	F		6	1803	1726	0	−1	20	32
1998	05	27	MA	EN	0	1	KHC		-9	1717	1981	−2	0	34	6
1998	05	29	MA	FR	2	2	KHC		8	1725	2000	+1	0	33	4
1998	06	04	CL	MA	1	1	F	FR	-2	1788	1727	0	0	22	33
1998	06	10	MA	NO	2	2	WC	FR	14	1741	1888	+2	−1	31	10
1998	06	16	BR	MA	3	0	WC	FR	12	2112	1729	0	−1	1	31
1998	06	23	MA	SQ	3	0	WC	FR	60	1789	1719	+10	−9	20	32
1998	09	02	MA	SN	2	0	F		2	1791	1443	0	0	21	95
1998	09	23	MA	AE	1	0	ARC	QA	8	1799	1543	0	−1	21	66
1998	09	25	SD	MA	2	1	ARC	QA	36	1438	1763	+7	−1	96	22
1998	10	03	MA	SL	3	0	FQ		5	1768	1427	0	−1	22	98
1998	12	24	MA	BG	4	1	F		9	1777	1673	0	0	21	43
1999	01	20	FR	MA	1	0	F		2	2078	1775	0	0	1	21
1999	01	24	GN	MA	1	1	FQ		12	1445	1763	+5	−1	92	22
1999	02	28	TG	MA	2	3	FQ		-6	1362	1769	0	0	115	21
1999	04	10	MA	TG	1	1	FQ		-18	1751	1380	−4	+5	24	111
1999	04	28	NL	MA	1	2	F		-17	1969	1768	0	+5	5	21
1999	06	06	MA	GN	1	0	FQ		3	1771	1442	0	−3	20	95
1999	09	07	BE	MA	4	0	F		14	1770	1757	+2	−1	23	24
1999	11	17	MA	US	2	1	F		9	1766	1804	+1	−1	24	20
1999	12	21	MA	SN	0	0	F		-8	1758	1523	−1	+1	25	70
2000	01	18	MA	TT	1	0	F		3	1761	1577	0	−3	24	62
2000	01	25	MA	CG	1	0	AR	NG	6	1767	1403	+1	−1	23	106
2000	01	29	MA	TN	0	0	AR	NG	-10	1757	1623	−1	+2	24	52
2000	02	03	NG	MA	2	0	AR		34	1728	1723	+6	−12	33	36
2000	04	09	GM	MA	0	1	WQ		-5	1287	1728	0	+1	131	31
2000	04	22	MA	GM	2	0	WQ		3	1731	1284	+1	−3	29	136
2000	06	04	MA	JM	1	0	KHC		4	1735	1521	0	0	30	72
2000	06	06	MA	FR	1	5	KHC		-13	1722	2065	−7	0	37	2
2000	06	17	NA	MA	0	0	WQ		14	1337	1708	+3	−2	122	38
2000	07	09	MA	DZ	2	1	WQ		6	1714	1512	+1	−3	38	76
2000	09	02	GA	MA	2	0	FQ		48	1424	1666	+13	−8	98	45
2000	10	08	MA	KE	1	0	FQ		3	1669	1351	0	0	44	117
2000	11	22	MA	LY	0	0	F		-7	1662	1446	0	0	48	92
2001	01	13	TN	MA	0	1	FQ		-24	1613	1686	−2	+6	56	43
2001	01	28	EG	MA	0	0	WQ		-6	1694	1692	0	+2	41	42
2001	02	08	MA	KR	1	1	FRT	AE	3	1695	1753	+1	−3	41	31
2001	02	14	AE	MA	1	1	FRT		3	1526	1692	+1	−1	70	42
2001	02	24	MA	SN	0	0	WQ		-15	1677	1480	−3	+2	46	79
2001	03	24	MA	TN	2	0	FQ		19	1696	1624	+5	−5	40	56
2001	04	21	MA	NA	3	0	WQ		4	1700	1322	0	−2	39	125
2001	05	04	DZ	MA	1	2	WQ		-15	1488	1715	−4	+3	78	36
2001	06	02	KE	MA	1	1	FQ		12	1388	1703	+6	−1	111	36
2001	06	16	MA	GA	0	1	FQ		-36	1667	1443	−11	+11	47	93
2001	06	30	MA	EG	1	0	WQ		14	1681	1644	+3	−5	42	54
2001	07	14	SN	MA	1	0	WQ		24	1534	1657	+5	−5	68	49
2001	09	05	IT	MA	1	0	F		1	2016	1656	0	0	3	49
2001	10	12	MA	GM	2	0	FT	ML	6	1662	1322	+1	0	48	125
2001	10	14	ML	MA	2	1	FT		20	1464	1642	+6	−2	90	50
2001	11	14	MA	ZM	1	0	F		4	1646	1471	0	−3	49	87
2001	12	12	MA	ML	1	1	F		-7	1639	1427	−1	+2	50	98
2002	01	13	MA	GN	2	1	F		4	1643	1484	0	−1	49	83
2002	01	16	GM	MA	0	2	F		-8	1348	1651	−2	0	119	49
2002	01	21	GH	MA	0	0	AR	ML	10	1521	1641	+2	0	72	49
2002	01	26	MA	BF	2	1	AR	ML	11	1652	1400	0	−2	48	109
2002	01	30	ZA	MA	3	1	AR	ML	42	1649	1610	+5	−5	48	53
2002	08	21	LU	MA	0	2	F		-3	1104	1613	−2	0	173	52
2002	09	07	GA	MA	0	1	FQ		-16	1421	1629	−9	+2	104	50
2002	10	03	MA	NE	6	1	F		4	1633	1328	0	−1	50	129
2002	10	13	MA	GQ	5	0	FQ		1	1634	1014	0	0	50	187
2002	11	20	MA	ML	1	3	F		-24	1610	1502	−6	+10	55	71
2002	12	16	KW	MA	1	1	ARC		0	1516	1610	0	0	71	55
2002	12	18	JO	MA	1	1	ARC	KW	5	1523	1605	0	−1	70	56
2002	12	20	MA	PS	3	1	ARC	KW	7	1612	1259	+2	−3	54	142
2002	12	25	SD	MA	1	0	ARC	KW	33	1383	1579	+10	−7	113	61
2002	12	28	SA	MA	2	0	ARC	KW	26	1656	1553	+1	−3	49	64
2003	02	12	MA	SN	1	0	F	FR	16	1569	1760	+2	−3	62	30
2003	03	29	SL	MA	0	0	FQ		7	1354	1562	+1	−1	124	63
2003	04	30	MA	CI	0	1	F		-12	1550	1607	−3	0	67	57
2003	06	08	MA	SL	1	0	FQ		6	1556	1348	+1	0	66	124
2003	06	20	MA	GA	2	0	FQ		10	1566	1356	+2	−2	63	121
2003	07	06	GQ	MA	0	1	FQ		-3	1034	1569	−1	+1	186	61
2003	09	10	MA	TT	2	0	F		6	1575	1406	0	−4	64	108
2003	10	11	TN	MA	0	0	F		-4	1631	1579	+1	+1	52	63
2003	11	15	MA	BF	1	0	F		4	1583	1434	+1	0	62	98
2003	11	19	MA	ML	0	1	F		-14	1569	1558	−1	+2	64	67
2004	01	27	MA	NG	1	0	AR	TN	36	1605	1700	+10	−7	56	38
2004	01	31	MA	BJ	4	0	AR	TN	15	1620	1300	+3	−2	54	130
2004	02	04	MA	ZA	1	1	AR	TN	-3	1617	1575	−1	0	55	66
2004	02	08	MA	DZ	3	1	AR	TN	28	1645	1495	+3	−6	52	80
2004	02	11	MA	ML	4	0	AR	TN	48	1693	1602	+13	−6	39	56
2004	02	14	TN	MA	2	1	AR		19	1695	1674	+5	−6	39	45
2004	02	18	MA	CH	2	1	F		9	1683	1719	+2	−1	43	34
2004	03	31	MA	AO	3	1	F		4	1687	1455	+1	−3	42	90
2004	04	28	MA	AR	0	1	F		-4	1683	2026	+1	0	41	2
2004	05	28	ML	MA	0	0	F		0	1583	1683	0	0	61	41
2004	06	05	MW	MA	1	1	WQA		12	1359	1671	+4	−4	118	45
2004	07	03	BW	MA	0	1	WQA		-6	1263	1677	−1	0	141	44
2004	09	04	MA	TN	1	1	WQA		-8	1669	1631	−4	+1	42	54
2004	10	10	GN	MA	1	1	WQA		2	1543	1667	+1	−2	70	44
2004	11	17	MA	BF	4	0	F		4	1671	1385	+2	−1	42	108
2005	02	09	MA	KE	5	1	WQA		9	1680	1418	+3	−2	40	100
2005	03	26	MA	GN	1	0	WQA		7	1687	1516	+1	−2	40	78
2005	06	04	MA	MW	4	1	WQA		4	1691	1294	+4	−2	39	134
2005	06	18	KE	MA	0	0	WQA		9	1421	1682	+1	−2	98	43
2005	08	17	TG	MA	1	0	F	FR	13	1581	1669	+4	−3	62	48
2005	09	03	MA	BW	1	0	WQA		3	1672	1328	0	0	48	122
2005	10	08	TN	MA	2	2	WQA		-8	1706	1680	+1	0	38	47
2005	11	15	CM	MA	0	0	F	FR	-2	1741	1682	0	+2	34	44
2006	01	09	MA	CD	3	0	F		5	1687	1448	+2	0	44	96
2006	01	14	MA	ZW	1	0	F		3	1690	1496	0	−1	44	85
2006	01	17	MA	AO	2	2	F		-6	1684	1553	−1	0	45	70
2006	01	21	CI	MA	1	0	AR	EG	23	1734	1661	+6	−6	34	50
2006	01	24	EG	MA	0	0	AR		-10	1701	1671	−1	+2	42	48
2006	01	28	LY	MA	0	0	AR	EG	14	1464	1657	+3	−2	93	50
2006	05	23	US	MA	0	1	F		-17	1814	1674	−2	+2	21	47
2006	05	28	ML	MA	1	0	F	FR	14	1536	1660	0	−2	73	49
2006	06	04	CO	MA	2	0	F	ES	10	1779	1650	+2	0	29	50
2006	08	16	MA	BF	1	0	F		2	1652	1405	+2	0	48	102
2006	09	02	MA	MW	2	0	FQ		4	1656	1309	−1	+1	49	127
2006	11	15	MA	GA	6	0	F		5	1661	1389	0	−1	48	105
2007	02	07	MA	TN	1	1	F		-3	1658	1642	0	+1	48	51
2007	03	25	ZW	MA	1	1	FQ		6	1465	1652	+2	−2	92	50
2007	06	02	MA	ZW	2	0	FQ		9	1661	1446	+3	−3	47	95
2007	06	16	MW	MA	0	1	FQ		-7	1285	1668	−1	+1	133	45
2007	09	08	GH	MA	2	0	F	FR	11	1774	1657	+2	−2	28	47
2007	10	17	MA	NA	2	0	F		2	1659	1280	+3	0	48	135
2007	11	16	FR	MA	2	2	F		-9	2021	1668	0	+4	3	43
2007	11	21	MA	SN	3	0	F	FR	18	1686	1653	+4	−6	41	49
2008	01	12	MA	ZM	2	0	F		7	1693	1565	+1	−4	41	66
2008	01	16	MA	AO	2	1	F		4	1697	1531	0	−2	41	79
2008	01	21	MA	NA	5	1	AR	GH	8	1705	1265	+1	−2	40	139
2008	01	24	GN	MA	3	2	AR	GH	32	1643	1673	+7	−2	51	42
2008	01	28	GH	MA	2	0	AR		18	1789	1655	+5	−4	24	46
2008	03	26	BE	MA	1	4	F		-22	1618	1677	−3	+4	54	43
2008	05	31	MA	ET	3	0	WQA		4	1681	1306	0	0	42	128
2008	06	07	MR	MA	1	4	WQA		-7	1196	1688	0	0	155	42
2008	06	14	RW	MA	3	1	WQA		47	1417	1641	+10	−8	102	50
2008	06	21	MA	RW	2	0	WQA		8	1649	1409	+1	−2	49	104
2008	08	20	MA	BJ	3	1	F		4	1653	1404	+1	−3	48	109
2008	09	06	OM	MA	0	0	F		2	1497	1651	+1	0	87	48
2008	10	11	MA	MR	4	1	WQA		2	1653	1144	+1	0	48	169
2008	11	19	MA	ZM	3	0	F		8	1661	1520	+1	−3	48	81
2009	02	11	MA	CZ	0	0	F		2	1663	1844	+1	0	46	12
2009	03	28	MA	GA	1	2	WQA		-32	1631	1542	−6	+9	52	75
2009	03	31	MA	AO	2	0	F	PT	9	1640	1462	+3	−2	49	93
2009	06	07	CM	MA	0	0	WQA		-9	1707	1649	−6	+2	45	49
2009	06	20	MA	TG	0	0	WQA		-14	1635	1467	−4	+7	53	90
2009	08	12	MA	CG	1	1	F		-7	1628	1408	−1	0	54	107
2009	09	06	TG	MA	1	1	WQA		4	1456	1624	+1	−1	94	54
2009	10	10	GA	MA	3	1	WQA		30	1556	1594	+14	−4	68	58
2009	11	14	MA	CM	0	2	WQA		-26	1568	1772	−10	+7	69	26
2010	08	11	MA	GQ	2	1	F		1	1569	1208	0	0	69	154
2010	09	04	MA	CF	0	0	FQ		-18	1551	1195	−5	+1	76	157
2010	10	09	TZ	MA	0	1	FQ		-14	1329	1565	−2	+6	123	71
2010	11	17	EI	MA	1	1	F		-3	1576	1568	−1	+2	65	69
2011	02	09	MA	NE	3	0	F		4	1572	1302	+2	−1	67	131
2011	03	27	DZ	MA	1	0	FQ		21	1482	1551	+2	−5	94	71
2011	06	04	MA	DZ	4	0	FQ		21	1572	1461	+6	0	64	94
2011	08	10	SN	MA	0	2	F		-21	1592	1593	−2	+5	61	60
2011	09	04	CF	MA	0	0	FQ		12	1255	1581	+4	0	141	62
2011	10	09	MA	TZ	3	1	FQ		7	1588	1330	+2	−4	63	128
2011	11	11	MA	UG	0	1	LGC		-22	1566	1545	−7	+5	69	73
2011	11	13	MA	CM	1	1	LGC		-1	1565	1654	0	0	69	48
2012	01	23	TN	MA	2	1	AR	GA	24	1603	1541	+6	−4	58	75
2012	01	27	GA	MA	3	2	AR		17	1573	1524	+4	−3	67	78
2012	01	31	MA	NE	1	0	AR	GA	11	1535	1300	+3	−3	74	132
2012	02	29	MA	BF	2	0	F		8	1543	1444	+1	0	75	100
2012	05	25	MA	SN	0	1	F		-13	1530	1537	−5	+2	80	79
2012	06	02	GM	MA	1	1	WQ		4	1358	1526	+3	0	117	80
2012	06	09	MA	CI	2	2	WQ		9	1535	1795	0	−2	79	21
2012	06	23	MA	BH	4	0	ARC	SA	41	1576	1527	+15	−12	65	81
2012	06	26	LY	MA	0	0	ARC	SA	2	1547	1574	+2	−1	74	66
2012	06	29	MA	YE	4	0	ARC	SA	15	1589	1313	+4	−2	62	129
2012	07	03	MA	IQ	2	1	ARC	SA	21	1610	1591	+4	−5	58	63
2012	07	06	MA	LY	1	1	ARC	SA	-1	1609	1600	+1	0	58	62
2012	08	15	MA	GN	1	2	F		-15	1594	1553	−6	+4	64	74
2012	09	09	MZ	MA	2	0	FQ		45	1348	1549	+14	−9	119	72
2012	10	13	MA	MZ	4	0	FQ		11	1560	1333	+3	−2	72	123
2012	11	14	MA	TG	0	1	F		-17	1543	1402	−2	+2	73	109
2013	01	08	MA	ZM	0	0	F	ZA	1	1544	1568	0	0	74	67
2013	01	12	MA	NA	2	1	F	ZA	4	1548	1309	0	−2	74	133
2013	01	19	AO	MA	0	0	AR	ZA	3	1513	1545	0	+1	83	73
2013	01	23	CV	MA	1	1	AR	ZA	7	1452	1538	+1	−5	98	78
2013	01	27	ZA	MA	2	2	AR		-9	1556	1547	−4	+4	72	73
2013	03	24	TZ	MA	3	1	WQ		37	1404	1510	+10	−13	109	86
2013	06	08	MA	TZ	2	1	WQ		9	1519	1394	+2	−1	81	109
2013	06	15	MA	GM	2	0	WQ		9	1528	1303	+3	−3	79	135
2013	08	14	MA	BF	1	2	F		-12	1516	1566	−6	+2	84	67
2013	09	07	CI	MA	1	1	WQ		-16	1778	1532	−1	+5	23	79
2013	10	11	MA	ZA	1	1	F		-2	1530	1551	+1	+1	77	70
2014	03	05	MA	GA	1	1	F		-4	1526	1505	−1	+3	77	84
2014	05	23	MA	MZ	4	0	F	PT	11	1537	1360	+3	−5	74	120
2014	05	28	AO	MA	2	0	F	PT	19	1461	1518	+7	−6	96	81
2014	06	06	RU	MA	2	0	F		2	1849	1516	+1	−2	15	80
2014	09	03	MA	QA	0	0	F		-2	1514	1544	+1	0	79	70
2014	09	07	MA	LY	3	0	F		12	1526	1479	+1	−4	78	91
2014	10	09	MA	CF	4	0	F		4	1530	1233	0	0	79	147
2014	10	13	MA	KE	3	0	F		7	1537	1370	+3	−2	76	116
2014	11	13	MA	BJ	6	1	F		7	1544	1369	+1	−1	74	116
2015	03	28	MA	UY	0	1	F		-4	1540	1911	0	+1	69	10
2015	06	12	MA	LY	1	0	FQ		11	1551	1470	+2	−4	67	92
2015	09	05	ST	MA	0	3	FQ		-7	1062	1558	−1	+3	181	66
2015	10	09	MA	CI	0	1	F		-8	1550	1723	−4	+3	72	35
2015	10	12	MA	GN	1	1	F		-4	1546	1519	0	0	72	78
2015	11	12	MA	GQ	2	0	WQ		9	1555	1335	+2	−2	70	125
2015	11	15	GQ	MA	1	0	WQ		27	1362	1528	+6	−3	118	74
2016	03	26	CV	MA	0	1	FQ		-26	1516	1554	−7	+8	79	70
2016	03	29	MA	CV	2	0	FQ		19	1573	1497	+5	−8	66	87
2016	05	27	MA	CG	2	0	F		8	1581	1479	+3	−1	63	90
2016	06	03	LY	MA	1	1	FQ	TN	6	1478	1575	+2	−2	90	66
2016	08	31	AL	MA	0	0	F		-4	1628	1579	+1	0	52	61
2016	09	04	MA	ST	2	0	FQ		2	1581	1099	0	0	63	181
2016	10	08	GA	MA	0	0	WQ		2	1452	1579	−1	−1	98	64
2016	10	10	MA	JO	2	1	F		6	1585	1519	+4	0	61	78
2016	10	11	MA	CA	4	0	F		11	1596	1519	+1	−1	60	77
2016	11	12	MA	CI	0	0	WQ		1	1597	1717	0	0	60	36
2016	11	15	MA	TG	2	1	F		3	1600	1414	0	−1	58	104
2017	01	09	FI	MA	1	0	F	AE	12	1551	1588	+2	−2	71	60
2017	01	16	CD	MA	1	0	AR	GA	27	1591	1561	+9	−8	59	68
2017	01	20	MA	TG	3	1	AR	GA	24	1585	1408	+4	−9	65	107
2017	01	24	MA	CI	1	0	AR	GA	33	1618	1675	+7	−7	58	44
2017	01	29	EG	MA	1	0	AR	GA	20	1708	1598	+5	−2	36	60
2017	03	24	MA	BF	2	0	F		12	1610	1605	+4	−3	57	59
2017	03	28	MA	TN	1	0	F		6	1616	1551	0	+1	58	71
2017	05	31	MA	NL	1	2	F		-7	1609	1839	0	0	58	18
2017	06	10	CM	MA	1	0	FQ		11	1691	1598	+4	−4	40	61
2017	09	01	MA	ML	6	0	WQ		23	1621	1507	+6	−6	55	82
2017	09	05	ML	MA	0	0	WQ		1	1508	1620	+2	−1	80	56
2017	10	07	MA	GA	3	0	WQ		12	1632	1430	+2	−1	53	98
2017	10	10	MA	KR	3	1	F	CH	19	1651	1698	+4	−4	49	41
2017	11	11	CI	MA	0	2	WQ		-37	1601	1688	−8	+4	61	45
2018	03	23	MA	RS	2	1	F	IT	13	1701	1770	+4	0	41	24
2018	03	27	MA	UZ	2	0	F		8	1709	1607	+1	−4	41	58
2018	05	31	MA	UA	0	0	F	CH	1	1710	1741	−1	+1	42	31
2018	06	04	MA	SK	2	1	F	CH	11	1721	1751	+1	−2	39	27
2018	06	09	EE	MA	1	3	F		-10	1486	1731	−2	+5	84	35
2018	06	15	IR	MA	1	0	WC	RU	25	1815	1706	+1	−7	20	42
2018	06	20	PT	MA	1	0	WC	RU	11	1984	1695	0	0	5	43
2018	06	25	MA	ES	2	2	WC	RU	23	1718	2027	+5	−1	39	3
2018	09	08	MA	MW	3	0	FQ		3	1721	1271	0	−2	35	142
2018	10	13	MA	KM	1	0	FQ		0	1721	1044	0	0	37	186
2018	10	16	KM	MA	2	2	FQ		19	1063	1702	+4	−3	182	40
2018	11	16	MA	CM	2	0	FQ		15	1717	1599	+2	−5	39	58
2018	11	20	TN	MA	0	1	F		-11	1646	1728	0	+4	48	36
2019	03	22	MW	MA	0	0	FQ		16	1266	1712	+6	−3	144	40
2019	03	26	MA	AR	0	1	F		-8	1704	1907	−2	0	41	12
2019	06	12	MA	GM	0	1	F		-19	1685	1351	−2	+3	44	120
2019	06	16	MA	ZM	2	3	F		-18	1667	1457	−5	+3	49	92
2019	06	23	MA	NA	1	0	AR	EG	8	1675	1362	+3	−3	47	114
2019	06	28	MA	CI	1	0	AR	EG	21	1696	1605	+4	−2	42	55
2019	07	01	MA	ZA	1	0	AR	EG	13	1709	1508	0	−1	41	77
2019	07	05	BJ	MA	1	1	AR	EG	16	1452	1693	+3	−1	94	42
2019	09	06	MA	BF	1	1	F		-6	1687	1545	0	+2	43	70
2019	09	10	MA	NE	1	0	F		1	1688	1309	0	0	44	133
2019	10	11	MA	LY	1	1	F		-7	1681	1467	−1	0	45	90
2019	10	15	MA	GA	2	3	F		-18	1663	1438	−1	+5	46	96
2019	11	15	MA	MR	0	0	FQ		-17	1646	1358	−1	+5	49	117
2019	11	19	BI	MA	0	3	FQ		-13	1269	1659	−2	+2	140	47
2020	10	09	MA	SN	3	1	F		15	1674	1748	+3	−2	44	29
2020	10	13	MA	CD	1	1	F		-7	1667	1493	−1	+2	45	80
2020	11	13	MA	CF	4	1	FQ		6	1673	1339	0	−1	44	120
2020	11	17	CF	MA	0	2	FQ	CM	-8	1331	1681	−3	+3	124	41
2021	03	26	MR	MA	0	0	FQ		12	1349	1669	+3	−1	119	42
2021	03	30	MA	BI	1	0	FQ		2	1671	1247	0	−2	42	148
2021	06	08	MA	GH	1	0	F		6	1677	1600	+1	−2	42	60
2021	06	12	MA	BF	1	0	F		4	1681	1544	+1	−1	41	72
2021	09	02	MA	SD	2	0	WQ		6	1687	1391	+2	−1	41	104
2021	10	06	MA	GW	5	0	WQ		8	1695	1389	0	0	42	103
2021	10	09	MA	GW	3	0	WQ		6	1701	1383	+1	−4	41	106
2021	10	12	MA	GN	4	1	WQ		7	1708	1416	+1	0	40	97
2021	11	12	MA	SD	3	0	WQ		5	1713	1354	+1	−1	37	116
2021	11	16	MA	GN	3	0	WQ		6	1719	1403	−1	−2	41	102
2021	12	01	MA	PS	4	0	ARC	QA	12	1731	1419	+6	−5	35	97
2021	12	04	MA	JO	4	0	ARC	QA	19	1750	1523	+2	−3	33	76
2021	12	07	MA	SA	1	0	ARC	QA	14	1764	1629	+3	−1	30	53
2021	12	11	DZ	MA	2	2	ARC	QA	0	1757	1764	0	0	33	30
2022	01	10	MA	GH	1	0	AR	CM	14	1778	1579	+1	−2	30	66
2022	01	14	MA	KM	2	0	AR	CM	3	1781	1227	0	−1	30	152
2022	01	18	GA	MA	2	2	AR	CM	19	1445	1762	+4	−1	93	30
2022	01	25	MA	MW	2	1	AR	CM	4	1766	1309	0	−1	30	130
2022	01	30	EG	MA	2	1	AR	CM	33	1684	1733	+7	−2	45	33
2022	03	25	CD	MA	1	1	WQ		7	1509	1726	+2	−1	80	34
2022	03	29	MA	CD	4	1	WQ		10	1736	1499	+1	−4	33	84
2022	06	01	US	MA	3	0	F		9	1829	1727	+2	−1	21	35
2022	06	09	MA	ZA	2	1	FQ		6	1733	1536	+2	−2	35	75
2022	06	13	MA	LR	2	0	FQ		3	1736	1314	0	−2	35	128
2022	09	21	MA	MG	1	0	F		1	1737	1276	−1	0	36	139
2022	09	23	MA	CL	2	0	F	ES	14	1751	1704	+1	−2	34	42
2022	09	27	MA	PY	0	0	F	ES	0	1751	1740	+1	+1	32	34
2022	11	17	MA	GE	3	0	F	AE	13	1764	1651	+1	−1	30	51
2022	11	23	HR	MA	0	0	WC	QA	-13	1913	1777	−1	+1	14	28
2022	11	27	MA	BE	2	0	WC	QA	72	1849	1947	+9	−2	19	8
2022	12	01	MA	CA	2	1	WC	QA	20	1869	1711	+2	−2	16	40
2022	12	06	MA	ES	0	0	WC	QA	11	1880	1997	+1	−1	15	6
2022	12	10	MA	PT	1	0	WC	QA	43	1923	1998	+3	−1	12	5
2022	12	14	FR	MA	2	0	WC	QA	30	2075	1893	+1	−3	3	14
2022	12	17	HR	MA	2	1	WC	QA	27	1950	1866	+1	−2	10	16
2023	03	25	MA	BR	2	1	F		14	1880	2119	0	0	16	2
2023	03	28	MA	PE	0	0	F	ES	-1	1879	1844	0	+1	15	18
2023	06	12	MA	CV	0	0	F		-9	1870	1488	0	+1	15	81
2023	06	17	ZA	MA	2	1	FQ		32	1572	1838	+4	−5	67	20
2023	09	12	MA	BF	1	0	F	FR	3	1841	1551	+2	−1	19	69
2023	10	14	CI	MA	1	1	F		3	1634	1838	+1	−1	50	20
2023	10	17	MA	LR	3	0	FQ		2	1840	1294	0	+1	20	140
2023	11	21	TZ	MA	0	2	WQ		-6	1347	1846	−1	0	119	17
2024	01	11	MA	SL	3	1	F	CI	1	1847	1307	0	0	17	136
2024	01	17	MA	TZ	3	0	AR	CI	5	1852	1342	+1	−4	16	123
2024	01	21	CD	MA	1	1	AR	CI	20	1506	1832	+6	−4	78	20
2024	01	24	MA	ZM	1	0	AR	CI	6	1838	1476	+2	−1	18	89
2024	01	30	ZA	MA	2	0	AR	CI	65	1575	1773	+15	−8	63	26
2024	03	22	MA	AO	1	0	F		2	1775	1513	0	0	25	77
2024	03	26	MA	MR	0	0	F		-9	1766	1393	−4	0	30	107
2024	06	07	MA	ZM	2	1	WQ		4	1770	1479	+1	−1	28	89
2024	06	11	MA	CG	6	0	WQ		3	1773	1268	0	−1	28	150
2024	09	06	MA	GA	4	1	FQ		5	1778	1430	0	0	26	95
2024	09	09	MA	LS	1	0	FQ		1	1779	1204	0	−1	26	159
2024	10	12	MA	CF	5	0	FQ		3	1782	1327	0	−1	27	128
2024	10	15	MA	CF	4	0	FQ		3	1785	1324	+2	−4	26	130
2024	11	15	GA	MA	1	5	FQ		-15	1429	1800	−2	+5	95	23
2024	11	18	MA	LS	7	0	FQ		2	1802	1230	0	0	24	155
2025	03	21	MA	NE	2	1	WQ		1	1803	1319	0	0	23	134
2025	03	25	MA	TZ	2	0	WQ		3	1806	1404	0	0	26	102
2025	06	06	MA	TN	2	0	F		5	1811	1613	+1	−2	25	58
2025	06	09	MA	BJ	1	0	F		1	1812	1407	0	+1	24	98
2025	09	05	MA	NE	5	0	WQ		3	1815	1334	0	−2	25	128
2025	09	08	ZM	MA	0	2	WQ		-8	1376	1823	−1	+1	111	24
2025	10	09	MA	BH	1	0	F		1	1824	1447	0	0	23	90
2025	10	14	MA	CG	1	0	WQ		1	1825	1207	0	0	23	158
2025	11	14	MA	MZ	1	0	F		1	1826	1396	0	0	23	106
2025	11	18	MA	UG	4	0	F		2	1828	1434	0	0	22	95
2025	12	02	MA	KM	3	1	ARC	QA	5	1833	1387	+1	−2	21	108
2025	12	05	MA	OM	0	0	ARC	QA	-16	1817	1476	−2	+2	23	86
2025	12	08	MA	SA	1	0	ARC	QA	9	1826	1597	+1	−1	22	65
2025	12	11	MA	SY	1	0	ARC	QA	5	1831	1486	0	−1	22	84
2025	12	15	MA	AE	3	0	ARC	QA	11	1842	1537	+2	−2	20	76
2025	12	18	MA	JO	3	2	ARC	QA	12	1854	1689	+1	−3	19	47
2025	12	21	MA	KM	2	0	AR		2	1856	1357	0	−2	19	114
2025	12	26	MA	ML	1	1	AR		-19	1837	1615	−1	+1	20	62
2025	12	29	MA	ZM	3	0	AR		3	1840	1371	0	−1	20	112
2026	01	04	MA	TZ	1	0	AR		2	1842	1340	0	−4	20	123
2026	01	09	MA	CM	2	0	AR		10	1852	1606	+1	−1	19	62
2026	01	14	MA	NG	0	0	AR		-14	1838	1745	−1	+3	20	35
2026	01	18	MA	SN	0	1	AR		-32	1806	1870	−4	+3	24	17